"Awalan Kontainer";"Nomor Seri";Akhiran;Ukuran;Vendor
ALLU;220209;7;20;"PT. ZONA LINTAS SAMUDERA"
AMFU;313132;7;20;"PT. ZONA LINTAS SAMUDERA"
AMFU;315369;2;20;"PT. ZONA LINTAS SAMUDERA"
AMFU;317051;3;20;"PT. ZONA LINTAS SAMUDERA"
AMFU;423298;6;40;"PT. ZONA LINTAS SAMUDERA"
AMFU;864052;2;40;"PT. ZONA LINTAS SAMUDERA"
APHU;625624;9;40;"PT. ZONA LINTAS SAMUDERA"
APHU;632210;3;40;"PT. ZONA LINTAS SAMUDERA"
APLS;297293;2;20;"PT. ZONA LINTAS SAMUDERA"
APMU;282368;6;20;"PT. ZONA LINTAS SAMUDERA"
APZU;388193;9;20;"PT. ZONA LINTAS SAMUDERA"
APZU;396024;1;20;"PT. ZONA LINTAS SAMUDERA"
AXIU;222231;7;20;"PT. ZONA LINTAS SAMUDERA"
AXIU;293377;9;20;"PT. ZONA LINTAS SAMUDERA"
AXIU;841258;8;20;"PT. ZONA LINTAS SAMUDERA"
AXIU;846429;9;20;"PT. ZONA LINTAS SAMUDERA"
BHSU;200233;2;20;"PT. ZONA LINTAS SAMUDERA"
BMOU;210196;4;20;"PT. ZONA LINTAS SAMUDERA"
BMOU;236987;5;20;"PT. ZONA LINTAS SAMUDERA"
BMOU;238386;8;20;"PT. ZONA LINTAS SAMUDERA"
BMOU;241969;9;20;"PT. ZONA LINTAS SAMUDERA"
BMOU;244641;5;20;"PT. ZONA LINTAS SAMUDERA"
BMOU;244848;6;20;"PT. ZONA LINTAS SAMUDERA"
BMOU;247461;2;20;"PT. ZONA LINTAS SAMUDERA"
BMOU;248491;9;20;"PT. ZONA LINTAS SAMUDERA"
BMOU;248752;2;20;"PT. ZONA LINTAS SAMUDERA"
BMOU;249527;7;20;"PT. ZONA LINTAS SAMUDERA"
BMOU;249566;2;20;"PT. ZONA LINTAS SAMUDERA"
BMOU;271717;9;20;"PT. ZONA LINTAS SAMUDERA"
BMOU;275253;9;20;"PT. ZONA LINTAS SAMUDERA"
BMOU;401358;5;20;"PT. ZONA LINTAS SAMUDERA"
BMOU;415313;9;20;"PT. ZONA LINTAS SAMUDERA"
BMOU;419253;6;40;"PT. ZONA LINTAS SAMUDERA"
BMOU;439340;1;40;"PT. ZONA LINTAS SAMUDERA"
BMOU;440283;8;40;"PT. ZONA LINTAS SAMUDERA"
BMOU;455537;5;40;"PT. ZONA LINTAS SAMUDERA"
BPLU;041300;5;40;"PT. ZONA LINTAS SAMUDERA"
BPLU;121000;2;40;"PT. ZONA LINTAS SAMUDERA"
BSIU;294638;1;20;"PT. ZONA LINTAS SAMUDERA"
CAIU;248309;1;20;"PT. ZONA LINTAS SAMUDERA"
CAIU;264127;9;20;"PT. ZONA LINTAS SAMUDERA"
CAIU;272865;6;20;"PT. ZONA LINTAS SAMUDERA"
CAIU;274438;5;20;"PT. ZONA LINTAS SAMUDERA"
CAIU;285775;6;20;"PT. ZONA LINTAS SAMUDERA"
CAIU;300281;6;20;"PT. ZONA LINTAS SAMUDERA"
CAIU;312462;4;20;"PT. ZONA LINTAS SAMUDERA"
CAIU;318516;8;20;"PT. ZONA LINTAS SAMUDERA"
CAIU;320499;3;20;"PT. ZONA LINTAS SAMUDERA"
CAIU;804852;7;20;"PT. ZONA LINTAS SAMUDERA"
CAIU;817117;2;20;"PT. ZONA LINTAS SAMUDERA"
CAIU;823840;3;20;"PT. ZONA LINTAS SAMUDERA"
CAIU;834082;1;40;"PT. ZONA LINTAS SAMUDERA"
CAIU;891147;4;40;"PT. ZONA LINTAS SAMUDERA"
CAKU;220276;1;20;"PT. ZONA LINTAS SAMUDERA"
CAKU;220325;9;20;"PT. ZONA LINTAS SAMUDERA"
CAKU;221496;8;20;"PT. ZONA LINTAS SAMUDERA"
CAKU;221571;1;20;"PT. ZONA LINTAS SAMUDERA"
CAKU;221710;2;20;"PT. ZONA LINTAS SAMUDERA"
CAKU;352390;9;20;"PT. ZONA LINTAS SAMUDERA"
CAKU;969313;1;40;"PT. ZONA LINTAS SAMUDERA"
CAXU;609837;2;20;"PT. ZONA LINTAS SAMUDERA"
CAXU;609973;8;20;"PT. ZONA LINTAS SAMUDERA"
CAXU;626142;7;20;"PT. ZONA LINTAS SAMUDERA"
CAXU;645565;4;20;"PT. ZONA LINTAS SAMUDERA"
CAXU;687052;6;20;"PT. ZONA LINTAS SAMUDERA"
CAXU;693767;7;20;"PT. ZONA LINTAS SAMUDERA"
CAXU;695770;8;20;"PT. ZONA LINTAS SAMUDERA"
CAXU;818411;9;40;"PT. ZONA LINTAS SAMUDERA"
CAXU;820880;1;40;"PT. ZONA LINTAS SAMUDERA"
CAXU;909676;9;40;"PT. ZONA LINTAS SAMUDERA"
CAXU;923434;3;40;"PT. ZONA LINTAS SAMUDERA"
CAXU;931964;6;40;"PT. ZONA LINTAS SAMUDERA"
CAXU;951372;8;40;"PT. ZONA LINTAS SAMUDERA"
CAXU;996875;3;40;"PT. ZONA LINTAS SAMUDERA"
CBHU;366563;4;20;"PT. ZONA LINTAS SAMUDERA"
CBHU;403443;8;20;"PT. ZONA LINTAS SAMUDERA"
CBHU;407563;2;20;"PT. ZONA LINTAS SAMUDERA"
CBHU;553163;4;20;"PT. ZONA LINTAS SAMUDERA"
CBHU;560478;8;20;"PT. ZONA LINTAS SAMUDERA"
CBHU;570012;2;20;"PT. ZONA LINTAS SAMUDERA"
CBHU;584191;7;20;"PT. ZONA LINTAS SAMUDERA"
CBHU;800966;5;40;"PT. ZONA LINTAS SAMUDERA"
CBHU;881065;3;40;"PT. ZONA LINTAS SAMUDERA"
CBHU;886805;9;20;"PT. ZONA LINTAS SAMUDERA"
CCLU;260304;7;20;"PT. ZONA LINTAS SAMUDERA"
CCLU;264406;7;20;"PT. ZONA LINTAS SAMUDERA"
CCLU;278411;4;20;"PT. ZONA LINTAS SAMUDERA"
CCLU;282359;2;20;"PT. ZONA LINTAS SAMUDERA"
CCLU;345157;1;20;"PT. ZONA LINTAS SAMUDERA"
CCLU;345681;9;20;"PT. ZONA LINTAS SAMUDERA"
CCLU;358854;3;20;"PT. ZONA LINTAS SAMUDERA"
CCLU;365103;4;20;"PT. ZONA LINTAS SAMUDERA"
CCLU;371476;5;20;"PT. ZONA LINTAS SAMUDERA"
CCLU;399643;7;20;"PT. ZONA LINTAS SAMUDERA"
CCLU;624730;3;40;"PT. ZONA LINTAS SAMUDERA"
CCLU;703254;7;40;"PT. ZONA LINTAS SAMUDERA"
CCLU;711913;8;20;"PT. ZONA LINTAS SAMUDERA"
CHKU;220233;6;20;"PT. ZONA LINTAS SAMUDERA"
CHKU;220582;6;20;"PT. ZONA LINTAS SAMUDERA"
CHKU;221018;6;20;"PT. ZONA LINTAS SAMUDERA"
CHKU;221031;3;20;"PT. ZONA LINTAS SAMUDERA"
CHKU;221032;9;20;"PT. ZONA LINTAS SAMUDERA"
CHKU;221191;6;20;"PT. ZONA LINTAS SAMUDERA"
CHKU;221306;1;20;"PT. ZONA LINTAS SAMUDERA"
CHKU;221311;7;20;"PT. ZONA LINTAS SAMUDERA"
CHKU;221567;6;20;"PT. ZONA LINTAS SAMUDERA"
CHKU;221595;3;20;"PT. ZONA LINTAS SAMUDERA"
CHKU;221728;3;20;"PT. ZONA LINTAS SAMUDERA"
CHKU;221879;9;20;"PT. ZONA LINTAS SAMUDERA"
CHKU;221900;7;20;"PT. ZONA LINTAS SAMUDERA"
CHKU;221985;6;20;"PT. ZONA LINTAS SAMUDERA"
CHKU;357042;2;20;"PT. ZONA LINTAS SAMUDERA"
CLHU;216940;8;20;"PT. ZONA LINTAS SAMUDERA"
CLHU;291251;3;20;"PT. ZONA LINTAS SAMUDERA"
CLHU;311564;3;20;"PT. ZONA LINTAS SAMUDERA"
CLHU;327225;7;20;"PT. ZONA LINTAS SAMUDERA"
CLHU;345767;2;20;"PT. ZONA LINTAS SAMUDERA"
CLHU;358685;4;20;"PT. ZONA LINTAS SAMUDERA"
CLHU;360223;5;20;"PT. ZONA LINTAS SAMUDERA"
CLHU;373311;1;20;"PT. ZONA LINTAS SAMUDERA"
CLHU;383696;9;20;"PT. ZONA LINTAS SAMUDERA"
CLHU;388082;7;20;"PT. ZONA LINTAS SAMUDERA"
CLHU;392517;7;20;"PT. ZONA LINTAS SAMUDERA"
CLHU;820776;3;40;"PT. ZONA LINTAS SAMUDERA"
CLHU;867366;9;40;"PT. ZONA LINTAS SAMUDERA"
CMAU;103466;9;20;"PT. ZONA LINTAS SAMUDERA"
CMAU;507011;3;40;"PT. ZONA LINTAS SAMUDERA"
CPSU;163682;8;20;"PT. ZONA LINTAS SAMUDERA"
CPSU;182851;7;20;"PT. ZONA LINTAS SAMUDERA"
CRSU;107609;6;20;"PT. ZONA LINTAS SAMUDERA"
CRSU;116256;9;20;"PT. ZONA LINTAS SAMUDERA"
CRSU;140966;4;20;"PT. ZONA LINTAS SAMUDERA"
CRSU;142179;9;20;"PT. ZONA LINTAS SAMUDERA"
CRSU;146854;3;20;"PT. ZONA LINTAS SAMUDERA"
CRXU;109149;3;20;"PT. ZONA LINTAS SAMUDERA"
CRXU;114312;8;20;"PT. ZONA LINTAS SAMUDERA"
CRXU;117844;3;20;"PT. ZONA LINTAS SAMUDERA"
CRXU;127771;8;20;"PT. ZONA LINTAS SAMUDERA"
CRXU;128014;1;20;"PT. ZONA LINTAS SAMUDERA"
CRXU;128057;9;20;"PT. ZONA LINTAS SAMUDERA"
CRXU;129499;4;20;"PT. ZONA LINTAS SAMUDERA"
CRXU;142697;7;20;"PT. ZONA LINTAS SAMUDERA"
CRXU;143283;5;20;"PT. ZONA LINTAS SAMUDERA"
CRXU;143296;4;20;"PT. ZONA LINTAS SAMUDERA"
CRXU;151203;6;20;"PT. ZONA LINTAS SAMUDERA"
CRXU;153194;6;20;"PT. ZONA LINTAS SAMUDERA"
CRXU;174687;8;20;"PT. ZONA LINTAS SAMUDERA"
CRXU;176148;7;20;"PT. ZONA LINTAS SAMUDERA"
CRXU;181672;2;20;"PT. ZONA LINTAS SAMUDERA"
CRXU;213202;5;20;"PT. ZONA LINTAS SAMUDERA"
CRXU;303404;4;20;"PT. ZONA LINTAS SAMUDERA"
CRXU;306495;9;20;"PT. ZONA LINTAS SAMUDERA"
CRXU;311208;6;20;"PT. ZONA LINTAS SAMUDERA"
CRXU;312932;4;20;"PT. ZONA LINTAS SAMUDERA"
CRXU;317563;3;20;"PT. ZONA LINTAS SAMUDERA"
CRXU;317776;5;20;"PT. ZONA LINTAS SAMUDERA"
CRXU;328509;7;20;"PT. ZONA LINTAS SAMUDERA"
CRXU;945444;5;40;"PT. ZONA LINTAS SAMUDERA"
CSLU;105994;2;20;"PT. ZONA LINTAS SAMUDERA"
CSLU;142658;6;20;"PT. ZONA LINTAS SAMUDERA"
CXDU;110764;8;20;"PT. ZONA LINTAS SAMUDERA"
CXDU;110892;1;20;"PT. ZONA LINTAS SAMUDERA"
CXDU;124442;4;20;"PT. ZONA LINTAS SAMUDERA"
CXDU;128574;2;20;"PT. ZONA LINTAS SAMUDERA"
CXDU;143670;4;20;"PT. ZONA LINTAS SAMUDERA"
DAVU;908801;4;20;"PT. ZONA LINTAS SAMUDERA"
DFSU;206156;5;20;"PT. ZONA LINTAS SAMUDERA"
DFSU;229693;4;20;"PT. ZONA LINTAS SAMUDERA"
DNAU;262220;6;20;"PT. ZONA LINTAS SAMUDERA"
DPEU;990004;4;20;"PT. ZONA LINTAS SAMUDERA"
DPEU;990019;4;20;"PT. ZONA LINTAS SAMUDERA"
DRYU;210680;1;20;"PT. ZONA LINTAS SAMUDERA"
DRYU;229098;2;20;"PT. ZONA LINTAS SAMUDERA"
DRYU;229288;2;20;"PT. ZONA LINTAS SAMUDERA"
ECMU;181964;9;20;"PT. ZONA LINTAS SAMUDERA"
EGHU;305849;9;20;"PT. ZONA LINTAS SAMUDERA"
EGHU;900518;2;40;"PT. ZONA LINTAS SAMUDERA"
EGSU;310994;3;20;"PT. ZONA LINTAS SAMUDERA"
EISU;219451;7;20;"PT. ZONA LINTAS SAMUDERA"
EISU;225461;6;20;"PT. ZONA LINTAS SAMUDERA"
EISU;394470;3;20;"PT. ZONA LINTAS SAMUDERA"
EISU;395403;9;20;"PT. ZONA LINTAS SAMUDERA"
EISU;399404;7;20;"PT. ZONA LINTAS SAMUDERA"
EISU;399921;8;20;"PT. ZONA LINTAS SAMUDERA"
EISU;915384;4;40;"PT. ZONA LINTAS SAMUDERA"
EMCU;600682;6;20;"PT. ZONA LINTAS SAMUDERA"
EMCU;600987;2;20;"PT. ZONA LINTAS SAMUDERA"
EMCU;603884;4;20;"PT. ZONA LINTAS SAMUDERA"
EMCU;604550;3;20;"PT. ZONA LINTAS SAMUDERA"
EMCU;606323;5;20;"PT. ZONA LINTAS SAMUDERA"
EMCU;966403;4;40;"PT. ZONA LINTAS SAMUDERA"
EMLU;807074;9;40;"PT. ZONA LINTAS SAMUDERA"
EMSU;987169;2;40;"PT. ZONA LINTAS SAMUDERA"
EOLU;221262;3;20;"PT. ZONA LINTAS SAMUDERA"
EOLU;329697;4;20;"PT. ZONA LINTAS SAMUDERA"
FCIU;240531;1;20;"PT. ZONA LINTAS SAMUDERA"
FCIU;246292;3;20;"PT. ZONA LINTAS SAMUDERA"
FCIU;254130;2;20;"PT. ZONA LINTAS SAMUDERA"
FCIU;261611;9;20;"PT. ZONA LINTAS SAMUDERA"
FCIU;266890;9;20;"PT. ZONA LINTAS SAMUDERA"
FCIU;332499;7;20;"PT. ZONA LINTAS SAMUDERA"
FCIU;349308;7;20;"PT. ZONA LINTAS SAMUDERA"
FCIU;929839;1;40;"PT. ZONA LINTAS SAMUDERA"
FDSU;468005;8;40;"PT. ZONA LINTAS SAMUDERA"
FORU;202477;9;20;"PT. ZONA LINTAS SAMUDERA"
FORU;841628;9;20;"PT. ZONA LINTAS SAMUDERA"
FORU;848720;9;20;"PT. ZONA LINTAS SAMUDERA"
FSCU;330821;2;20;"PT. ZONA LINTAS SAMUDERA"
FSCU;338078;9;20;"PT. ZONA LINTAS SAMUDERA"
FSCU;617169;5;40;"PT. ZONA LINTAS SAMUDERA"
FSCU;739914;4;20;"PT. ZONA LINTAS SAMUDERA"
FSCU;756877;4;20;"PT. ZONA LINTAS SAMUDERA"
FSCU;760818;3;20;"PT. ZONA LINTAS SAMUDERA"
FSCU;780050;8;20;"PT. ZONA LINTAS SAMUDERA"
FUKU;296928;4;20;"PT. ZONA LINTAS SAMUDERA"
FUKU;366435;9;20;"PT. ZONA LINTAS SAMUDERA"
GAEU;750522;7;40;"PT. ZONA LINTAS SAMUDERA"
GATU;009644;4;20;"PT. ZONA LINTAS SAMUDERA"
GATU;077933;2;20;"PT. ZONA LINTAS SAMUDERA"
GATU;101986;4;20;"PT. ZONA LINTAS SAMUDERA"
GATU;105644;6;20;"PT. ZONA LINTAS SAMUDERA"
GATU;136174;8;20;"PT. ZONA LINTAS SAMUDERA"
GATU;850360;7;40;"PT. ZONA LINTAS SAMUDERA"
GATU;861562;8;40;"PT. ZONA LINTAS SAMUDERA"
GERU;303385;1;20;"PT. ZONA LINTAS SAMUDERA"
GESU;104197;1;20;"PT. ZONA LINTAS SAMUDERA"
GESU;105745;3;20;"PT. ZONA LINTAS SAMUDERA"
GESU;113633;6;20;"PT. ZONA LINTAS SAMUDERA"
GESU;114532;2;20;"PT. ZONA LINTAS SAMUDERA"
GESU;138673;6;20;"PT. ZONA LINTAS SAMUDERA"
GESU;141505;3;20;"PT. ZONA LINTAS SAMUDERA"
GESU;142610;3;20;"PT. ZONA LINTAS SAMUDERA"
GESU;142770;6;20;"PT. ZONA LINTAS SAMUDERA"
GESU;208038;1;20;"PT. ZONA LINTAS SAMUDERA"
GESU;246883;9;20;"PT. ZONA LINTAS SAMUDERA"
GESU;261510;1;20;"PT. ZONA LINTAS SAMUDERA"
GESU;262781;7;20;"PT. ZONA LINTAS SAMUDERA"
GESU;269160;5;20;"PT. ZONA LINTAS SAMUDERA"
GESU;275255;2;20;"PT. ZONA LINTAS SAMUDERA"
GESU;280968;4;20;"PT. ZONA LINTAS SAMUDERA"
GESU;283217;5;20;"PT. ZONA LINTAS SAMUDERA"
GESU;286125;5;20;"PT. ZONA LINTAS SAMUDERA"
GESU;289591;2;20;"PT. ZONA LINTAS SAMUDERA"
GESU;292028;1;20;"PT. ZONA LINTAS SAMUDERA"
GESU;293392;5;20;"PT. ZONA LINTAS SAMUDERA"
GESU;302562;4;20;"PT. ZONA LINTAS SAMUDERA"
GESU;303394;9;20;"PT. ZONA LINTAS SAMUDERA"
GESU;304226;2;20;"PT. ZONA LINTAS SAMUDERA"
GESU;306105;1;20;"PT. ZONA LINTAS SAMUDERA"
GESU;306133;9;20;"PT. ZONA LINTAS SAMUDERA"
GESU;331703;5;20;"PT. ZONA LINTAS SAMUDERA"
GESU;357725;9;20;"PT. ZONA LINTAS SAMUDERA"
GESU;360048;8;20;"PT. ZONA LINTAS SAMUDERA"
GESU;380911;7;20;"PT. ZONA LINTAS SAMUDERA"
GESU;388790;6;20;"PT. ZONA LINTAS SAMUDERA"
GESU;389713;9;20;"PT. ZONA LINTAS SAMUDERA"
GESU;425426;6;40;"PT. ZONA LINTAS SAMUDERA"
GESU;462251;6;40;"PT. ZONA LINTAS SAMUDERA"
GESU;468933;5;40;"PT. ZONA LINTAS SAMUDERA"
GESU;473583;1;40;"PT. ZONA LINTAS SAMUDERA"
GESU;483893;2;40;"PT. ZONA LINTAS SAMUDERA"
GESU;489681;5;40;"PT. ZONA LINTAS SAMUDERA"
GESU;511450;4;40;"PT. ZONA LINTAS SAMUDERA"
GLDU;210493;6;20;"PT. ZONA LINTAS SAMUDERA"
GLDU;226273;6;20;"PT. ZONA LINTAS SAMUDERA"
GLDU;301270;5;20;"PT. ZONA LINTAS SAMUDERA"
GLDU;340882;5;20;"PT. ZONA LINTAS SAMUDERA"
GLDU;382781;6;20;"PT. ZONA LINTAS SAMUDERA"
GLDU;389154;3;20;"PT. ZONA LINTAS SAMUDERA"
GLDU;564111;6;20;"PT. ZONA LINTAS SAMUDERA"
GLDU;575843;7;20;"PT. ZONA LINTAS SAMUDERA"
GLDU;725282;8;20;"PT. ZONA LINTAS SAMUDERA"
GLDU;750387;8;40;"PT. ZONA LINTAS SAMUDERA"
GLDU;762005;1;40;"PT. ZONA LINTAS SAMUDERA"
GLDU;936873;5;20;"PT. ZONA LINTAS SAMUDERA"
GLDU;956615;5;20;"PT. ZONA LINTAS SAMUDERA"
GLDU;970336;6;20;"PT. ZONA LINTAS SAMUDERA"
GSTU;511186;7;20;"PT. ZONA LINTAS SAMUDERA"
GSTU;516096;4;20;"PT. ZONA LINTAS SAMUDERA"
GSTU;590929;2;20;"PT. ZONA LINTAS SAMUDERA"
GVCU;219009;9;20;"PT. ZONA LINTAS SAMUDERA"
HALU;350931;1;20;"PT. ZONA LINTAS SAMUDERA"
HCIU;210449;6;20;"PT. ZONA LINTAS SAMUDERA"
HDMU;261996;9;20;"PT. ZONA LINTAS SAMUDERA"
HJCU;124783;1;40;"PT. ZONA LINTAS SAMUDERA"
HJMU;153190;9;40;"PT. ZONA LINTAS SAMUDERA"
HJMU;290715;9;20;"PT. ZONA LINTAS SAMUDERA"
HMCU;306203;2;20;"PT. ZONA LINTAS SAMUDERA"
IALU;220111;4;20;"PT. ZONA LINTAS SAMUDERA"
IIKU;296190;2;20;"PT. ZONA LINTAS SAMUDERA"
ILSU;201960;2;20;"PT. ZONA LINTAS SAMUDERA"
ILSU;202585;8;20;"PT. ZONA LINTAS SAMUDERA"
INBU;374778;7;20;"PT. ZONA LINTAS SAMUDERA"
INBU;389506;4;20;"PT. ZONA LINTAS SAMUDERA"
INKU;221455;4;40;"PT. ZONA LINTAS SAMUDERA"
INKU;253730;4;40;"PT. ZONA LINTAS SAMUDERA"
INKU;561639;3;40;"PT. ZONA LINTAS SAMUDERA"
INKU;637347;2;40;"PT. ZONA LINTAS SAMUDERA"
INKU;674429;8;40;"PT. ZONA LINTAS SAMUDERA"
INKU;709288;6;40;"PT. ZONA LINTAS SAMUDERA"
IPXU;216109;3;20;"PT. ZONA LINTAS SAMUDERA"
IPXU;308130;4;20;"PT. ZONA LINTAS SAMUDERA"
IPXU;321990;2;20;"PT. ZONA LINTAS SAMUDERA"
IPXU;369545;2;20;"PT. ZONA LINTAS SAMUDERA"
IRNU;361319;1;20;"PT. ZONA LINTAS SAMUDERA"
IRNU;363342;8;20;"PT. ZONA LINTAS SAMUDERA"
IRNU;366445;5;20;"PT. ZONA LINTAS SAMUDERA"
IRNU;368123;6;20;"PT. ZONA LINTAS SAMUDERA"
IRNU;369225;1;20;"PT. ZONA LINTAS SAMUDERA"
JAYU;109116;4;20;"PT. ZONA LINTAS SAMUDERA"
JHSU;259384;4;20;"PT. ZONA LINTAS SAMUDERA"
KCSU;216636;1;20;"PT. ZONA LINTAS SAMUDERA"
KDCU;216661;2;20;"PT. ZONA LINTAS SAMUDERA"
KDCU;217061;2;20;"PT. ZONA LINTAS SAMUDERA"
KDCU;217067;5;20;"PT. ZONA LINTAS SAMUDERA"
KDCU;217116;2;20;"PT. ZONA LINTAS SAMUDERA"
KDCU;217120;2;20;"PT. ZONA LINTAS SAMUDERA"
KDCU;217196;4;20;"PT. ZONA LINTAS SAMUDERA"
KDCU;217225;6;20;"PT. ZONA LINTAS SAMUDERA"
KKFU;712038;8;40;"PT. ZONA LINTAS SAMUDERA"
KKTU;752733;6;20;"PT. ZONA LINTAS SAMUDERA"
KMTU;723594;1;20;"PT. ZONA LINTAS SAMUDERA"
KMTU;735343;5;20;"PT. ZONA LINTAS SAMUDERA"
LTIU;239236;3;20;"PT. ZONA LINTAS SAMUDERA"
MAEU;681096;3;20;"PT. ZONA LINTAS SAMUDERA"
MAEU;695787;2;20;"PT. ZONA LINTAS SAMUDERA"
MAEU;698769;2;20;"PT. ZONA LINTAS SAMUDERA"
MEDU;824603;5;40;"PT. ZONA LINTAS SAMUDERA"
MEDU;826978;7;40;"PT. ZONA LINTAS SAMUDERA"
MEDU;838432;7;40;"PT. ZONA LINTAS SAMUDERA"
MLCU;246529;5;20;"PT. ZONA LINTAS SAMUDERA"
MLCU;340008;8;20;"PT. ZONA LINTAS SAMUDERA"
MOAU;583356;4;20;"PT. ZONA LINTAS SAMUDERA"
MOMU;220622;1;20;"PT. ZONA LINTAS SAMUDERA"
MOTU;074554;9;20;"PT. ZONA LINTAS SAMUDERA"
MOTU;074582;6;20;"PT. ZONA LINTAS SAMUDERA"
MSCU;321368;6;20;"PT. ZONA LINTAS SAMUDERA"
MSCU;323325;5;20;"PT. ZONA LINTAS SAMUDERA"
MSCU;380605;9;20;"PT. ZONA LINTAS SAMUDERA"
MSCU;690967;8;20;"PT. ZONA LINTAS SAMUDERA"
MSCU;879849;1;40;"PT. ZONA LINTAS SAMUDERA"
MSCU;990379;7;40;"PT. ZONA LINTAS SAMUDERA"
MSKU;201655;2;20;"PT. ZONA LINTAS SAMUDERA"
MSKU;211073;8;20;"PT. ZONA LINTAS SAMUDERA"
MSKU;214061;9;20;"PT. ZONA LINTAS SAMUDERA"
MSKU;215823;8;20;"PT. ZONA LINTAS SAMUDERA"
MSKU;219713;1;20;"PT. ZONA LINTAS SAMUDERA"
MSKU;221530;1;20;"PT. ZONA LINTAS SAMUDERA"
MSKU;221809;1;20;"PT. ZONA LINTAS SAMUDERA"
MSKU;243911;1;20;"PT. ZONA LINTAS SAMUDERA"
MSKU;246589;3;20;"PT. ZONA LINTAS SAMUDERA"
MSKU;248412;6;20;"PT. ZONA LINTAS SAMUDERA"
MSKU;253623;5;20;"PT. ZONA LINTAS SAMUDERA"
MSKU;258279;7;20;"PT. ZONA LINTAS SAMUDERA"
MSKU;265008;4;20;"PT. ZONA LINTAS SAMUDERA"
MSKU;278309;2;20;"PT. ZONA LINTAS SAMUDERA"
MSKU;286212;3;20;"PT. ZONA LINTAS SAMUDERA"
MSKU;300123;8;20;"PT. ZONA LINTAS SAMUDERA"
MSKU;301281;8;20;"PT. ZONA LINTAS SAMUDERA"
MSKU;343891;1;20;"PT. ZONA LINTAS SAMUDERA"
MSKU;455544;5;40;"PT. ZONA LINTAS SAMUDERA"
NYKU;562023;5;40;"PT. ZONA LINTAS SAMUDERA"
NYKU;562205;3;40;"PT. ZONA LINTAS SAMUDERA"
NYKU;697377;2;40;"PT. ZONA LINTAS SAMUDERA"
OOLU;119216;3;20;"PT. ZONA LINTAS SAMUDERA"
OOLU;121350;1;20;"PT. ZONA LINTAS SAMUDERA"
OOLU;127835;4;20;"PT. ZONA LINTAS SAMUDERA"
OOLU;131718;9;20;"PT. ZONA LINTAS SAMUDERA"
OOLU;133473;5;20;"PT. ZONA LINTAS SAMUDERA"
OOLU;134068;2;20;"PT. ZONA LINTAS SAMUDERA"
OOLU;137533;3;20;"PT. ZONA LINTAS SAMUDERA"
OOLU;140861;1;20;"PT. ZONA LINTAS SAMUDERA"
OOLU;141230;8;20;"PT. ZONA LINTAS SAMUDERA"
OOLU;144663;2;20;"PT. ZONA LINTAS SAMUDERA"
OOLU;145327;2;20;"PT. ZONA LINTAS SAMUDERA"
OOLU;148678;5;20;"PT. ZONA LINTAS SAMUDERA"
OOLU;152986;6;20;"PT. ZONA LINTAS SAMUDERA"
OOLU;153665;4;20;"PT. ZONA LINTAS SAMUDERA"
OOLU;153943;7;20;"PT. ZONA LINTAS SAMUDERA"
OOLU;157649;3;20;"PT. ZONA LINTAS SAMUDERA"
OOLU;158518;1;20;"PT. ZONA LINTAS SAMUDERA"
OOLU;161241;4;20;"PT. ZONA LINTAS SAMUDERA"
OOLU;162995;2;20;"PT. ZONA LINTAS SAMUDERA"
OOLU;169435;1;20;"PT. ZONA LINTAS SAMUDERA"
OOLU;171102;1;20;"PT. ZONA LINTAS SAMUDERA"
OOLU;174067;3;20;"PT. ZONA LINTAS SAMUDERA"
PCIU;257382;4;20;"PT. ZONA LINTAS SAMUDERA"
PCIU;285467;3;20;"PT. ZONA LINTAS SAMUDERA"
PCIU;289848;1;20;"PT. ZONA LINTAS SAMUDERA"
PCIU;305634;3;20;"PT. ZONA LINTAS SAMUDERA"
PCIU;361923;6;20;"PT. ZONA LINTAS SAMUDERA"
PCIU;935876;3;20;"PT. ZONA LINTAS SAMUDERA"
PCIU;976581;3;40;"PT. ZONA LINTAS SAMUDERA"
PKEU;502823;2;40;"PT. ZONA LINTAS SAMUDERA"
PONU;011169;5;20;"PT. ZONA LINTAS SAMUDERA"
PONU;023176;7;20;"PT. ZONA LINTAS SAMUDERA"
PONU;029115;4;20;"PT. ZONA LINTAS SAMUDERA"
PONU;095517;1;20;"PT. ZONA LINTAS SAMUDERA"
PONU;722570;3;40;"PT. ZONA LINTAS SAMUDERA"
PRSU;216286;4;20;"PT. ZONA LINTAS SAMUDERA"
PRSU;960163;4;40;"PT. ZONA LINTAS SAMUDERA"
REGU;307785;3;20;"PT. ZONA LINTAS SAMUDERA"
REGU;504366;2;40;"PT. ZONA LINTAS SAMUDERA"
RPLU;200749;6;20;"PT. ZONA LINTAS SAMUDERA"
SCMU;208220;4;20;"PT. ZONA LINTAS SAMUDERA"
SCZU;824155;7;20;"PT. ZONA LINTAS SAMUDERA"
SEGU;100314;8;20;"PT. ZONA LINTAS SAMUDERA"
SEGU;102148;1;20;"PT. ZONA LINTAS SAMUDERA"
SEGU;102877;9;20;"PT. ZONA LINTAS SAMUDERA"
SEGU;141037;5;20;"PT. ZONA LINTAS SAMUDERA"
SEGU;141471;9;20;"PT. ZONA LINTAS SAMUDERA"
SIKU;294751;9;20;"PT. ZONA LINTAS SAMUDERA"
SNKU;200133;2;20;"PT. ZONA LINTAS SAMUDERA"
STXU;457790;8;40;"PT. ZONA LINTAS SAMUDERA"
TAHU;903327;3;20;"PT. ZONA LINTAS SAMUDERA"
TAKU;220370;4;20;"PT. ZONA LINTAS SAMUDERA"
TAKU;220387;2;20;"PT. ZONA LINTAS SAMUDERA"
TAKU;220728;7;20;"PT. ZONA LINTAS SAMUDERA"
TAKU;221852;7;20;"PT. ZONA LINTAS SAMUDERA"
TAKU;221937;5;20;"PT. ZONA LINTAS SAMUDERA"
TCKU;254289;2;20;"PT. ZONA LINTAS SAMUDERA"
TCKU;298284;4;20;"PT. ZONA LINTAS SAMUDERA"
TCKU;311096;6;20;"PT. ZONA LINTAS SAMUDERA"
TCLU;532821;7;40;"PT. ZONA LINTAS SAMUDERA"
TDRU;011181;3;20;"PT. ZONA LINTAS SAMUDERA"
TDRU;541989;8;40;"PT. ZONA LINTAS SAMUDERA"
TEMU;216275;2;20;"PT. ZONA LINTAS SAMUDERA"
TEMU;224682;7;20;"PT. ZONA LINTAS SAMUDERA"
TEMU;232669;2;20;"PT. ZONA LINTAS SAMUDERA"
TEMU;236548;8;20;"PT. ZONA LINTAS SAMUDERA"
TEMU;247156;1;20;"PT. ZONA LINTAS SAMUDERA"
TEMU;262412;5;20;"PT. ZONA LINTAS SAMUDERA"
TEMU;269496;6;20;"PT. ZONA LINTAS SAMUDERA"
TEMU;269779;6;20;"PT. ZONA LINTAS SAMUDERA"
TEMU;269899;8;20;"PT. ZONA LINTAS SAMUDERA"
TEMU;270058;6;20;"PT. ZONA LINTAS SAMUDERA"
TEMU;270352;2;20;"PT. ZONA LINTAS SAMUDERA"
TEMU;270520;6;20;"PT. ZONA LINTAS SAMUDERA"
TEMU;272251;7;20;"PT. ZONA LINTAS SAMUDERA"
TEMU;273351;1;20;"PT. ZONA LINTAS SAMUDERA"
TEMU;277518;4;20;"PT. ZONA LINTAS SAMUDERA"
TEMU;278602;3;20;"PT. ZONA LINTAS SAMUDERA"
TEMU;281581;5;20;"PT. ZONA LINTAS SAMUDERA"
TEMU;281736;1;20;"PT. ZONA LINTAS SAMUDERA"
TEMU;286344;9;20;"PT. ZONA LINTAS SAMUDERA"
TEMU;286972;4;20;"PT. ZONA LINTAS SAMUDERA"
TEMU;286993;5;20;"PT. ZONA LINTAS SAMUDERA"
TEMU;300041;6;20;"PT. ZONA LINTAS SAMUDERA"
TEMU;302877;4;20;"PT. ZONA LINTAS SAMUDERA"
TEMU;508601;8;20;"PT. ZONA LINTAS SAMUDERA"
TEMU;633420;6;40;"PT. ZONA LINTAS SAMUDERA"
TEXU;353917;1;20;"PT. ZONA LINTAS SAMUDERA"
TEXU;356786;7;20;"PT. ZONA LINTAS SAMUDERA"
TEXU;377301;9;20;"PT. ZONA LINTAS SAMUDERA"
TEXU;379664;7;20;"PT. ZONA LINTAS SAMUDERA"
TEXU;381807;3;20;"PT. ZONA LINTAS SAMUDERA"
TEXU;553130;7;40;"PT. ZONA LINTAS SAMUDERA"
TGHU;011558;4;20;"PT. ZONA LINTAS SAMUDERA"
TGHU;014909;6;20;"PT. ZONA LINTAS SAMUDERA"
TGHU;033842;2;20;"PT. ZONA LINTAS SAMUDERA"
TGHU;038718;1;20;"PT. ZONA LINTAS SAMUDERA"
TGHU;041800;3;20;"PT. ZONA LINTAS SAMUDERA"
TGHU;046680;3;20;"PT. ZONA LINTAS SAMUDERA"
TGHU;085049;1;20;"PT. ZONA LINTAS SAMUDERA"
TGHU;093306;6;20;"PT. ZONA LINTAS SAMUDERA"
TGHU;124627;5;20;"PT. ZONA LINTAS SAMUDERA"
TGHU;150199;8;20;"PT. ZONA LINTAS SAMUDERA"
TGHU;151858;4;20;"PT. ZONA LINTAS SAMUDERA"
TGHU;184584;3;20;"PT. ZONA LINTAS SAMUDERA"
TGHU;184989;6;20;"PT. ZONA LINTAS SAMUDERA"
TGHU;237129;2;20;"PT. ZONA LINTAS SAMUDERA"
TGHU;238378;1;20;"PT. ZONA LINTAS SAMUDERA"
TGHU;238464;3;20;"PT. ZONA LINTAS SAMUDERA"
TGHU;252926;4;20;"PT. ZONA LINTAS SAMUDERA"
TGHU;256946;2;20;"PT. ZONA LINTAS SAMUDERA"
TGHU;272794;8;20;"PT. ZONA LINTAS SAMUDERA"
TGHU;274016;9;20;"PT. ZONA LINTAS SAMUDERA"
TGHU;278325;8;20;"PT. ZONA LINTAS SAMUDERA"
TGHU;279464;8;20;"PT. ZONA LINTAS SAMUDERA"
TGHU;289154;5;20;"PT. ZONA LINTAS SAMUDERA"
TGHU;289432;8;20;"PT. ZONA LINTAS SAMUDERA"
TGHU;302894;5;20;"PT. ZONA LINTAS SAMUDERA"
TGHU;306725;8;20;"PT. ZONA LINTAS SAMUDERA"
TGHU;311730;1;20;"PT. ZONA LINTAS SAMUDERA"
TGHU;314508;9;20;"PT. ZONA LINTAS SAMUDERA"
TGHU;322262;6;20;"PT. ZONA LINTAS SAMUDERA"
TGHU;327431;6;20;"PT. ZONA LINTAS SAMUDERA"
TGHU;335007;8;20;"PT. ZONA LINTAS SAMUDERA"
TGHU;368892;8;20;"PT. ZONA LINTAS SAMUDERA"
TGHU;381450;1;20;"PT. ZONA LINTAS SAMUDERA"
TGHU;382710;8;20;"PT. ZONA LINTAS SAMUDERA"
TGHU;390337;9;20;"PT. ZONA LINTAS SAMUDERA"
TGHU;398894;6;20;"PT. ZONA LINTAS SAMUDERA"
TGHU;613047;8;40;"PT. ZONA LINTAS SAMUDERA"
TGHU;905747;3;40;"PT. ZONA LINTAS SAMUDERA"
TGHU;918891;4;40;"PT. ZONA LINTAS SAMUDERA"
TGHU;937774;9;40;"PT. ZONA LINTAS SAMUDERA"
TGHU;950896;2;40;"PT. ZONA LINTAS SAMUDERA"
TOLU;296774;8;20;"PT. ZONA LINTAS SAMUDERA"
TPNU;411010;4;40;"PT. ZONA LINTAS SAMUDERA"
TRIU;382319;7;20;"PT. ZONA LINTAS SAMUDERA"
TRLU;361057;6;20;"PT. ZONA LINTAS SAMUDERA"
TRLU;368018;8;20;"PT. ZONA LINTAS SAMUDERA"
TRLU;498705;5;40;"PT. ZONA LINTAS SAMUDERA"
TRLU;524262;1;40;"PT. ZONA LINTAS SAMUDERA"
TRLU;554810;2;40;"PT. ZONA LINTAS SAMUDERA"
TRLU;965718;5;20;"PT. ZONA LINTAS SAMUDERA"
TTNU;262438;6;20;"PT. ZONA LINTAS SAMUDERA"
TTNU;307328;8;20;"PT. ZONA LINTAS SAMUDERA"
TTNU;321694;3;20;"PT. ZONA LINTAS SAMUDERA"
TTNU;333306;6;20;"PT. ZONA LINTAS SAMUDERA"
TTNU;361967;7;20;"PT. ZONA LINTAS SAMUDERA"
TTNU;929576;5;40;"PT. ZONA LINTAS SAMUDERA"
UACU;340394;3;20;"PT. ZONA LINTAS SAMUDERA"
UESU;222305;9;20;"PT. ZONA LINTAS SAMUDERA"
UESU;231070;2;20;"PT. ZONA LINTAS SAMUDERA"
UESU;244900;4;20;"PT. ZONA LINTAS SAMUDERA"
UESU;468870;7;40;"PT. ZONA LINTAS SAMUDERA"
UGMU;858045;6;20;"PT. ZONA LINTAS SAMUDERA"
VGCU;288609;7;40;"PT. ZONA LINTAS SAMUDERA"
WFHU;124096;2;20;"PT. ZONA LINTAS SAMUDERA"
WHLU;020160;2;20;"PT. ZONA LINTAS SAMUDERA"
WHLU;024930;8;20;"PT. ZONA LINTAS SAMUDERA"
WHLU;026801;5;20;"PT. ZONA LINTAS SAMUDERA"
WHLU;027317;7;20;"PT. ZONA LINTAS SAMUDERA"
WHLU;027402;3;20;"PT. ZONA LINTAS SAMUDERA"
WHLU;028100;1;20;"PT. ZONA LINTAS SAMUDERA"
WHLU;030090;3;20;"PT. ZONA LINTAS SAMUDERA"
WHLU;031968;4;20;"PT. ZONA LINTAS SAMUDERA"
WHLU;032131;5;20;"PT. ZONA LINTAS SAMUDERA"
WHLU;032289;9;20;"PT. ZONA LINTAS SAMUDERA"
WHLU;032376;6;20;"PT. ZONA LINTAS SAMUDERA"
WHLU;034359;3;20;"PT. ZONA LINTAS SAMUDERA"
WHLU;035218;9;20;"PT. ZONA LINTAS SAMUDERA"
WHLU;037992;9;20;"PT. ZONA LINTAS SAMUDERA"
WHLU;223488;4;20;"PT. ZONA LINTAS SAMUDERA"
WHLU;241608;7;20;"PT. ZONA LINTAS SAMUDERA"
WHLU;242054;9;20;"PT. ZONA LINTAS SAMUDERA"
WHLU;242084;7;20;"PT. ZONA LINTAS SAMUDERA"
WHLU;248367;6;20;"PT. ZONA LINTAS SAMUDERA"
WHLU;275045;3;20;"PT. ZONA LINTAS SAMUDERA"
WHLU;285706;1;20;"PT. ZONA LINTAS SAMUDERA"
WSCU;162009;1;20;"PT. ZONA LINTAS SAMUDERA"
WSCU;938917;9;40;"PT. ZONA LINTAS SAMUDERA"
WSCU;962012;2;40;"PT. ZONA LINTAS SAMUDERA"
XINU;108566;2;20;"PT. ZONA LINTAS SAMUDERA"
XINU;108853;2;20;"PT. ZONA LINTAS SAMUDERA"
XINU;110173;7;20;"PT. ZONA LINTAS SAMUDERA"
XINU;152001;3;20;"PT. ZONA LINTAS SAMUDERA"
XINU;158334;6;20;"PT. ZONA LINTAS SAMUDERA"
XINU;813686;4;40;"PT. ZONA LINTAS SAMUDERA"
XXXU;215019;6;20;"PT. ZONA LINTAS SAMUDERA"
XXXU;990222;4;40;"PT. ZONA LINTAS SAMUDERA"
YELU;575995;4;40;"PT. ZONA LINTAS SAMUDERA"
YELU;578966;6;40;"PT. ZONA LINTAS SAMUDERA"
YMLU;278667;5;20;"PT. ZONA LINTAS SAMUDERA"
ZIMU;125464;7;20;"PT. ZONA LINTAS SAMUDERA"
ZONA;020560;6;20;"PT. ZONA LINTAS SAMUDERA"
ZONA;077317;7;20;"PT. ZONA LINTAS SAMUDERA"
ZONA;191074;9;20;"PT. ZONA LINTAS SAMUDERA"
ZONA;200424;3;20;"PT. ZONA LINTAS SAMUDERA"
ZONA;220198;8;20;"PT. ZONA LINTAS SAMUDERA"
ZONA;220329;7;20;"PT. ZONA LINTAS SAMUDERA"
ZONA;220420;2;20;"PT. ZONA LINTAS SAMUDERA"
ZONA;220720;1;20;"PT. ZONA LINTAS SAMUDERA"
ZONA;220847;7;20;"PT. ZONA LINTAS SAMUDERA"
ZONA;220991;4;20;"PT. ZONA LINTAS SAMUDERA"
ZONA;221096;7;20;"PT. ZONA LINTAS SAMUDERA"
ZONA;221177;3;20;"PT. ZONA LINTAS SAMUDERA"
ZONA;221220;8;20;"PT. ZONA LINTAS SAMUDERA"
ZONA;221329;5;20;"PT. ZONA LINTAS SAMUDERA"
ZONA;221335;4;20;"PT. ZONA LINTAS SAMUDERA"
ZONA;221416;6;20;"PT. ZONA LINTAS SAMUDERA"
ZONA;221425;8;20;"PT. ZONA LINTAS SAMUDERA"
ZONA;221427;4;20;"PT. ZONA LINTAS SAMUDERA"
ZONA;221430;3;20;"PT. ZONA LINTAS SAMUDERA"
ZONA;221451;4;20;"PT. ZONA LINTAS SAMUDERA"
ZONA;221458;2;20;"PT. ZONA LINTAS SAMUDERA"
ZONA;221572;7;20;"PT. ZONA LINTAS SAMUDERA"
ZONA;221631;3;20;"PT. ZONA LINTAS SAMUDERA"
ZONA;221647;7;20;"PT. ZONA LINTAS SAMUDERA"
ZONA;221734;4;20;"PT. ZONA LINTAS SAMUDERA"
ZONA;221747;3;20;"PT. ZONA LINTAS SAMUDERA"
ZONA;221795;8;20;"PT. ZONA LINTAS SAMUDERA"
ZONA;221810;3;20;"PT. ZONA LINTAS SAMUDERA"
ZONA;221819;2;20;"PT. ZONA LINTAS SAMUDERA"
ZONA;221836;1;20;"PT. ZONA LINTAS SAMUDERA"
ZONA;221851;1;20;"PT. ZONA LINTAS SAMUDERA"
ZONA;221864;4;20;"PT. ZONA LINTAS SAMUDERA"
ZONA;221930;5;20;"PT. ZONA LINTAS SAMUDERA"
ZONA;231724;5;20;"PT. ZONA LINTAS SAMUDERA"
ZONA;239066;7;20;"PT. ZONA LINTAS SAMUDERA"
ZONA;240088;8;20;"PT. ZONA LINTAS SAMUDERA"
ZONA;262745;5;20;"PT. ZONA LINTAS SAMUDERA"
ZONA;280758;3;20;"PT. ZONA LINTAS SAMUDERA"
ZONA;284379;6;20;"PT. ZONA LINTAS SAMUDERA"
ZONA;286233;9;20;"PT. ZONA LINTAS SAMUDERA"
ZONA;287589;2;20;"PT. ZONA LINTAS SAMUDERA"
ZONA;290112;3;20;"PT. ZONA LINTAS SAMUDERA"
ZONA;293830;8;20;"PT. ZONA LINTAS SAMUDERA"
ZONA;316376;5;20;"PT. ZONA LINTAS SAMUDERA"
ZONA;325768;1;20;"PT. ZONA LINTAS SAMUDERA"
ZONA;342316;4;20;"PT. ZONA LINTAS SAMUDERA"
ZONA;357142;9;20;"PT. ZONA LINTAS SAMUDERA"
ZONA;391138;1;20;"PT. ZONA LINTAS SAMUDERA"
ZONA;529851;4;40;"PT. ZONA LINTAS SAMUDERA"
ZONA;606266;8;20;"PT. ZONA LINTAS SAMUDERA"
ZONA;621034;1;20;"PT. ZONA LINTAS SAMUDERA"
ZONA;695024;1;20;"PT. ZONA LINTAS SAMUDERA"
ZONA;695150;7;20;"PT. ZONA LINTAS SAMUDERA"
ZONA;695685;5;20;"PT. ZONA LINTAS SAMUDERA"
ZONA;698779;3;20;"PT. ZONA LINTAS SAMUDERA"
ZONA;765180;2;40;"PT. ZONA LINTAS SAMUDERA"
ZONA;807039;9;40;"PT. ZONA LINTAS SAMUDERA"
ZONA;807592;8;20;"PT. ZONA LINTAS SAMUDERA"
ZONA;901762;1;20;"PT. ZONA LINTAS SAMUDERA"
CBHU;395269;7;20;"PT. DEPO PETIKEMAS EXPRESSINDO"
CBHU;407776;4;20;"PT. DEPO PETIKEMAS EXPRESSINDO"
CBHU;587632;2;20;"PT. DEPO PETIKEMAS EXPRESSINDO"
CBHU;591144;4;20;"PT. DEPO PETIKEMAS EXPRESSINDO"
CCLU;383662;9;20;"PT. DEPO PETIKEMAS EXPRESSINDO"
CSLU;100404;5;20;"PT. DEPO PETIKEMAS EXPRESSINDO"
DPEU;486976;9;20;"PT. DEPO PETIKEMAS EXPRESSINDO"
STXU;201521;8;20;"PT. DEPO PETIKEMAS EXPRESSINDO"
