Awalan Kontainer;Nomor Seri;Akhiran;Ukuran;Vendor;Nomor Kontainer;
ALLU;220209;7;20;PT. ZONA LINTAS SAMUDERA;2202097;
AMFU;313132;7;20;PT. ZONA LINTAS SAMUDERA;3131327;
AMFU;315369;2;20;PT. ZONA LINTAS SAMUDERA;3153692;
AMFU;317051;3;20;PT. ZONA LINTAS SAMUDERA;3170513;
AMFU;423298;6;40;PT. ZONA LINTAS SAMUDERA;4232986;
AMFU;424299;0;40;PT. ZONA LINTAS SAMUDERA;4242990;
AMFU;864052;2;40;PT. ZONA LINTAS SAMUDERA;8640522;
APHU;602807;0;40;PT. ZONA LINTAS SAMUDERA;6028070;
APHU;625624;9;40;PT. ZONA LINTAS SAMUDERA;6256249;
APHU;632210;3;40;PT. ZONA LINTAS SAMUDERA;6322103;
APLS;295915;0;20;PT. ZONA LINTAS SAMUDERA;2959150;
APLS;297293;2;20;PT. ZONA LINTAS SAMUDERA;2972932;
APMU;282368;6;20;PT. ZONA LINTAS SAMUDERA;2823686;
APZU;388193;9;20;PT. ZONA LINTAS SAMUDERA;3881939;
APZU;390787;0;20;PT. ZONA LINTAS SAMUDERA;3907870;
APZU;396024;1;20;PT. ZONA LINTAS SAMUDERA;3960241;
AXIU;222231;7;20;PT. ZONA LINTAS SAMUDERA;2222317;
AXIU;293377;9;20;PT. ZONA LINTAS SAMUDERA;2933779;
AXIU;841258;8;20;PT. ZONA LINTAS SAMUDERA;8412588;
AXIU;846429;9;20;PT. ZONA LINTAS SAMUDERA;8464299;
BHSU;200233;2;20;PT. ZONA LINTAS SAMUDERA;2002332;
BMOU;210196;4;20;PT. ZONA LINTAS SAMUDERA;2101964;
BMOU;236987;5;20;PT. ZONA LINTAS SAMUDERA;2369875;
BMOU;238386;8;20;PT. ZONA LINTAS SAMUDERA;2383868;
BMOU;241969;9;20;PT. ZONA LINTAS SAMUDERA;2419699;
BMOU;242210;0;20;PT. ZONA LINTAS SAMUDERA;2422100;
BMOU;244641;5;20;PT. ZONA LINTAS SAMUDERA;2446415;
BMOU;244848;6;20;PT. ZONA LINTAS SAMUDERA;2448486;
BMOU;247020;0;20;PT. ZONA LINTAS SAMUDERA;2470200;
BMOU;247461;2;20;PT. ZONA LINTAS SAMUDERA;2474612;
BMOU;248491;9;20;PT. ZONA LINTAS SAMUDERA;2484919;
BMOU;248752;2;20;PT. ZONA LINTAS SAMUDERA;2487522;
BMOU;249527;7;20;PT. ZONA LINTAS SAMUDERA;2495277;
BMOU;249566;2;20;PT. ZONA LINTAS SAMUDERA;2495662;
BMOU;269114;0;20;PT. ZONA LINTAS SAMUDERA;2691140;
BMOU;271717;9;20;PT. ZONA LINTAS SAMUDERA;2717179;
BMOU;275253;9;20;PT. ZONA LINTAS SAMUDERA;2752539;
BMOU;401306;0;20;PT. ZONA LINTAS SAMUDERA;4013060;
BMOU;401358;5;20;PT. ZONA LINTAS SAMUDERA;4013585;
BMOU;415313;9;20;PT. ZONA LINTAS SAMUDERA;4153139;
BMOU;417542;0;20;PT. ZONA LINTAS SAMUDERA;4175420;
BMOU;419253;6;40;PT. ZONA LINTAS SAMUDERA;4192536;
BMOU;439340;1;40;PT. ZONA LINTAS SAMUDERA;4393401;
BMOU;440283;8;40;PT. ZONA LINTAS SAMUDERA;4402838;
BMOU;455537;5;40;PT. ZONA LINTAS SAMUDERA;4555375;
BPLU;041300;5;40;PT. ZONA LINTAS SAMUDERA;0413005;
BPLU;121000;2;40;PT. ZONA LINTAS SAMUDERA;1210002;
BSIU;294638;1;20;PT. ZONA LINTAS SAMUDERA;2946381;
CAIU;242774;0;20;PT. ZONA LINTAS SAMUDERA;2427740;
CAIU;248309;1;20;PT. ZONA LINTAS SAMUDERA;2483091;
CAIU;264127;9;20;PT. ZONA LINTAS SAMUDERA;2641279;
CAIU;272865;6;20;PT. ZONA LINTAS SAMUDERA;2728656;
CAIU;274438;5;20;PT. ZONA LINTAS SAMUDERA;2744385;
CAIU;285775;6;20;PT. ZONA LINTAS SAMUDERA;2857756;
CAIU;300281;6;20;PT. ZONA LINTAS SAMUDERA;3002816;
CAIU;312462;4;20;PT. ZONA LINTAS SAMUDERA;3124624;
CAIU;318433;0;20;PT. ZONA LINTAS SAMUDERA;3184330;
CAIU;318516;8;20;PT. ZONA LINTAS SAMUDERA;3185168;
CAIU;320499;3;20;PT. ZONA LINTAS SAMUDERA;3204993;
CAIU;804852;7;20;PT. ZONA LINTAS SAMUDERA;8048527;
CAIU;817117;2;20;PT. ZONA LINTAS SAMUDERA;8171172;
CAIU;823840;3;20;PT. ZONA LINTAS SAMUDERA;8238403;
CAIU;834082;1;40;PT. ZONA LINTAS SAMUDERA;8340821;
CAIU;891147;4;40;PT. ZONA LINTAS SAMUDERA;8911474;
CAKU;220276;1;20;PT. ZONA LINTAS SAMUDERA;2202761;
CAKU;220325;9;20;PT. ZONA LINTAS SAMUDERA;2203259;
CAKU;221496;8;20;PT. ZONA LINTAS SAMUDERA;2214968;
CAKU;221571;1;20;PT. ZONA LINTAS SAMUDERA;2215711;
CAKU;221710;2;20;PT. ZONA LINTAS SAMUDERA;2217102;
CAKU;352390;9;20;PT. ZONA LINTAS SAMUDERA;3523909;
CAKU;969313;1;40;PT. ZONA LINTAS SAMUDERA;9693131;
CAXU;243109;0;20;PT. ZONA LINTAS SAMUDERA;2431090;
CAXU;312103;0;20;PT. ZONA LINTAS SAMUDERA;3121030;
CAXU;609837;2;20;PT. ZONA LINTAS SAMUDERA;6098372;
CAXU;609973;8;20;PT. ZONA LINTAS SAMUDERA;6099738;
CAXU;624269;0;20;PT. ZONA LINTAS SAMUDERA;6242690;
CAXU;626142;7;20;PT. ZONA LINTAS SAMUDERA;6261427;
CAXU;645565;4;20;PT. ZONA LINTAS SAMUDERA;6455654;
CAXU;687052;6;20;PT. ZONA LINTAS SAMUDERA;6870526;
CAXU;693767;7;20;PT. ZONA LINTAS SAMUDERA;6937677;
CAXU;695770;8;20;PT. ZONA LINTAS SAMUDERA;6957708;
CAXU;818411;9;40;PT. ZONA LINTAS SAMUDERA;8184119;
CAXU;820880;1;40;PT. ZONA LINTAS SAMUDERA;8208801;
CAXU;909676;9;40;PT. ZONA LINTAS SAMUDERA;9096769;
CAXU;923434;3;40;PT. ZONA LINTAS SAMUDERA;9234343;
CAXU;931964;6;40;PT. ZONA LINTAS SAMUDERA;9319646;
CAXU;951372;8;40;PT. ZONA LINTAS SAMUDERA;9513728;
CAXU;996875;3;40;PT. ZONA LINTAS SAMUDERA;9968753;
CBHU;366563;4;20;PT. ZONA LINTAS SAMUDERA;3665634;
CBHU;403443;8;20;PT. ZONA LINTAS SAMUDERA;4034438;
CBHU;407563;2;20;PT. ZONA LINTAS SAMUDERA;4075632;
CBHU;553163;4;20;PT. ZONA LINTAS SAMUDERA;5531634;
CBHU;560478;8;20;PT. ZONA LINTAS SAMUDERA;5604788;
CBHU;570012;2;20;PT. ZONA LINTAS SAMUDERA;5700122;
CBHU;584191;7;20;PT. ZONA LINTAS SAMUDERA;5841917;
CBHU;800966;5;40;PT. ZONA LINTAS SAMUDERA;8009665;
CBHU;881065;3;40;PT. ZONA LINTAS SAMUDERA;8810653;
CBHU;886805;9;20;PT. ZONA LINTAS SAMUDERA;8868059;
CCLU;260304;7;20;PT. ZONA LINTAS SAMUDERA;2603047;
CCLU;264406;7;20;PT. ZONA LINTAS SAMUDERA;2644067;
CCLU;278411;4;20;PT. ZONA LINTAS SAMUDERA;2784114;
CCLU;282359;2;20;PT. ZONA LINTAS SAMUDERA;2823592;
CCLU;294519;0;20;PT. ZONA LINTAS SAMUDERA;2945190;
CCLU;345157;1;20;PT. ZONA LINTAS SAMUDERA;3451571;
CCLU;345681;9;20;PT. ZONA LINTAS SAMUDERA;3456819;
CCLU;358854;3;20;PT. ZONA LINTAS SAMUDERA;3588543;
CCLU;365103;4;20;PT. ZONA LINTAS SAMUDERA;3651034;
CCLU;371476;5;20;PT. ZONA LINTAS SAMUDERA;3714765;
CCLU;391048;0;20;PT. ZONA LINTAS SAMUDERA;3910480;
CCLU;399643;7;20;PT. ZONA LINTAS SAMUDERA;3996437;
CCLU;624730;3;40;PT. ZONA LINTAS SAMUDERA;6247303;
CCLU;677790;0;40;PT. ZONA LINTAS SAMUDERA;6777900;
CCLU;703254;7;40;PT. ZONA LINTAS SAMUDERA;7032547;
CCLU;711913;8;20;PT. ZONA LINTAS SAMUDERA;7119138;
CHKU;220233;6;20;PT. ZONA LINTAS SAMUDERA;2202336;
CHKU;220505;0;20;PT. ZONA LINTAS SAMUDERA;2205050;
CHKU;220582;6;20;PT. ZONA LINTAS SAMUDERA;2205826;
CHKU;221018;6;20;PT. ZONA LINTAS SAMUDERA;2210186;
CHKU;221031;3;20;PT. ZONA LINTAS SAMUDERA;2210313;
CHKU;221032;9;20;PT. ZONA LINTAS SAMUDERA;2210329;
CHKU;221191;6;20;PT. ZONA LINTAS SAMUDERA;2211916;
CHKU;221306;1;20;PT. ZONA LINTAS SAMUDERA;2213061;
CHKU;221311;7;20;PT. ZONA LINTAS SAMUDERA;2213117;
CHKU;221429;0;20;PT. ZONA LINTAS SAMUDERA;2214290;
CHKU;221567;6;20;PT. ZONA LINTAS SAMUDERA;2215676;
CHKU;221570;0;20;PT. ZONA LINTAS SAMUDERA;2215700;
CHKU;221595;3;20;PT. ZONA LINTAS SAMUDERA;2215953;
CHKU;221728;3;20;PT. ZONA LINTAS SAMUDERA;2217283;
CHKU;221879;9;20;PT. ZONA LINTAS SAMUDERA;2218799;
CHKU;221900;7;20;PT. ZONA LINTAS SAMUDERA;2219007;
CHKU;221950;0;20;PT. ZONA LINTAS SAMUDERA;2219500;
CHKU;221985;6;20;PT. ZONA LINTAS SAMUDERA;2219856;
CHKU;357042;2;20;PT. ZONA LINTAS SAMUDERA;3570422;
CHKU;357053;0;20;PT. ZONA LINTAS SAMUDERA;3570530;
CHKU;357275;0;20;PT. ZONA LINTAS SAMUDERA;3572750;
CLHU;216940;8;20;PT. ZONA LINTAS SAMUDERA;2169408;
CLHU;248586;0;20;PT. ZONA LINTAS SAMUDERA;2485860;
CLHU;291251;3;20;PT. ZONA LINTAS SAMUDERA;2912513;
CLHU;311564;3;20;PT. ZONA LINTAS SAMUDERA;3115643;
CLHU;327225;7;20;PT. ZONA LINTAS SAMUDERA;3272257;
CLHU;345767;2;20;PT. ZONA LINTAS SAMUDERA;3457672;
CLHU;358685;4;20;PT. ZONA LINTAS SAMUDERA;3586854;
CLHU;360223;5;20;PT. ZONA LINTAS SAMUDERA;3602235;
CLHU;373311;1;20;PT. ZONA LINTAS SAMUDERA;3733111;
CLHU;383696;9;20;PT. ZONA LINTAS SAMUDERA;3836969;
CLHU;388082;7;20;PT. ZONA LINTAS SAMUDERA;3880827;
CLHU;392517;7;20;PT. ZONA LINTAS SAMUDERA;3925177;
CLHU;801350;0;40;PT. ZONA LINTAS SAMUDERA;8013500;
CLHU;820776;3;40;PT. ZONA LINTAS SAMUDERA;8207763;
CLHU;867366;9;40;PT. ZONA LINTAS SAMUDERA;8673669;
CMAU;103466;9;20;PT. ZONA LINTAS SAMUDERA;1034669;
CMAU;167883;0;20;PT. ZONA LINTAS SAMUDERA;1678830;
CMAU;507011;3;40;PT. ZONA LINTAS SAMUDERA;5070113;
CPSU;163682;8;20;PT. ZONA LINTAS SAMUDERA;1636828;
CPSU;182851;7;20;PT. ZONA LINTAS SAMUDERA;1828517;
CRSU;107609;6;20;PT. ZONA LINTAS SAMUDERA;1076096;
CRSU;116256;9;20;PT. ZONA LINTAS SAMUDERA;1162569;
CRSU;140966;4;20;PT. ZONA LINTAS SAMUDERA;1409664;
CRSU;141202;0;20;PT. ZONA LINTAS SAMUDERA;1412020;
CRSU;142179;9;20;PT. ZONA LINTAS SAMUDERA;1421799;
CRSU;146854;3;20;PT. ZONA LINTAS SAMUDERA;1468543;
CRXU;109149;3;20;PT. ZONA LINTAS SAMUDERA;1091493;
CRXU;114312;8;20;PT. ZONA LINTAS SAMUDERA;1143128;
CRXU;117844;3;20;PT. ZONA LINTAS SAMUDERA;1178443;
CRXU;127771;8;20;PT. ZONA LINTAS SAMUDERA;1277718;
CRXU;128014;1;20;PT. ZONA LINTAS SAMUDERA;1280141;
CRXU;128057;9;20;PT. ZONA LINTAS SAMUDERA;1280579;
CRXU;129499;4;20;PT. ZONA LINTAS SAMUDERA;1294994;
CRXU;142697;7;20;PT. ZONA LINTAS SAMUDERA;1426977;
CRXU;143283;5;20;PT. ZONA LINTAS SAMUDERA;1432835;
CRXU;143296;4;20;PT. ZONA LINTAS SAMUDERA;1432964;
CRXU;150967;0;20;PT. ZONA LINTAS SAMUDERA;1509670;
CRXU;151203;6;20;PT. ZONA LINTAS SAMUDERA;1512036;
CRXU;153194;6;20;PT. ZONA LINTAS SAMUDERA;1531946;
CRXU;174687;8;20;PT. ZONA LINTAS SAMUDERA;1746878;
CRXU;176148;7;20;PT. ZONA LINTAS SAMUDERA;1761487;
CRXU;181672;2;20;PT. ZONA LINTAS SAMUDERA;1816722;
CRXU;201236;0;20;PT. ZONA LINTAS SAMUDERA;2012360;
CRXU;213202;5;20;PT. ZONA LINTAS SAMUDERA;2132025;
CRXU;300347;0;20;PT. ZONA LINTAS SAMUDERA;3003470;
CRXU;303404;4;20;PT. ZONA LINTAS SAMUDERA;3034044;
CRXU;306495;9;20;PT. ZONA LINTAS SAMUDERA;3064959;
CRXU;311208;6;20;PT. ZONA LINTAS SAMUDERA;3112086;
CRXU;312932;4;20;PT. ZONA LINTAS SAMUDERA;3129324;
CRXU;315271;0;20;PT. ZONA LINTAS SAMUDERA;3152710;
CRXU;317563;3;20;PT. ZONA LINTAS SAMUDERA;3175633;
CRXU;317776;5;20;PT. ZONA LINTAS SAMUDERA;3177765;
CRXU;324818;0;20;PT. ZONA LINTAS SAMUDERA;3248180;
CRXU;328509;7;20;PT. ZONA LINTAS SAMUDERA;3285097;
CRXU;945444;5;40;PT. ZONA LINTAS SAMUDERA;9454445;
CSLU;103252;0;20;PT. ZONA LINTAS SAMUDERA;1032520;
CSLU;103406;0;20;PT. ZONA LINTAS SAMUDERA;1034060;
CSLU;105994;2;20;PT. ZONA LINTAS SAMUDERA;1059942;
CSLU;142658;6;20;PT. ZONA LINTAS SAMUDERA;1426586;
CXDU;109697;0;20;PT. ZONA LINTAS SAMUDERA;1096970;
CXDU;110764;8;20;PT. ZONA LINTAS SAMUDERA;1107648;
CXDU;110892;1;20;PT. ZONA LINTAS SAMUDERA;1108921;
CXDU;121273;0;20;PT. ZONA LINTAS SAMUDERA;1212730;
CXDU;124442;4;20;PT. ZONA LINTAS SAMUDERA;1244424;
CXDU;127269;0;20;PT. ZONA LINTAS SAMUDERA;1272690;
CXDU;128574;2;20;PT. ZONA LINTAS SAMUDERA;1285742;
CXDU;143084;0;20;PT. ZONA LINTAS SAMUDERA;1430840;
CXDU;143670;4;20;PT. ZONA LINTAS SAMUDERA;1436704;
DAVU;908801;4;20;PT. ZONA LINTAS SAMUDERA;9088014;
DFSU;206156;5;20;PT. ZONA LINTAS SAMUDERA;2061565;
DFSU;229693;4;20;PT. ZONA LINTAS SAMUDERA;2296934;
DFSU;622595;0;40;PT. ZONA LINTAS SAMUDERA;6225950;
DNAU;262220;6;20;PT. ZONA LINTAS SAMUDERA;2622206;
DPEU;990004;4;20;PT. ZONA LINTAS SAMUDERA;9900044;
DPEU;990019;4;20;PT. ZONA LINTAS SAMUDERA;9900194;
DRYU;210680;1;20;PT. ZONA LINTAS SAMUDERA;2106801;
DRYU;221148;0;20;PT. ZONA LINTAS SAMUDERA;2211480;
DRYU;229098;2;20;PT. ZONA LINTAS SAMUDERA;2290982;
DRYU;229288;2;20;PT. ZONA LINTAS SAMUDERA;2292882;
DRYU;252455;0;20;PT. ZONA LINTAS SAMUDERA;2524550;
ECMU;181964;9;20;PT. ZONA LINTAS SAMUDERA;1819649;
EGHU;305849;9;20;PT. ZONA LINTAS SAMUDERA;3058499;
EGHU;900518;2;40;PT. ZONA LINTAS SAMUDERA;9005182;
EGSU;310994;3;20;PT. ZONA LINTAS SAMUDERA;3109943;
EISU;219451;7;20;PT. ZONA LINTAS SAMUDERA;2194517;
EISU;225461;6;20;PT. ZONA LINTAS SAMUDERA;2254616;
EISU;394470;3;20;PT. ZONA LINTAS SAMUDERA;3944703;
EISU;395403;9;20;PT. ZONA LINTAS SAMUDERA;3954039;
EISU;399404;7;20;PT. ZONA LINTAS SAMUDERA;3994047;
EISU;399921;8;20;PT. ZONA LINTAS SAMUDERA;3999218;
EISU;915384;4;40;PT. ZONA LINTAS SAMUDERA;9153844;
EMCU;391974;0;20;PT. ZONA LINTAS SAMUDERA;3919740;
EMCU;600682;6;20;PT. ZONA LINTAS SAMUDERA;6006826;
EMCU;600987;2;20;PT. ZONA LINTAS SAMUDERA;6009872;
EMCU;603884;4;20;PT. ZONA LINTAS SAMUDERA;6038844;
EMCU;604550;3;20;PT. ZONA LINTAS SAMUDERA;6045503;
EMCU;606323;5;20;PT. ZONA LINTAS SAMUDERA;6063235;
EMCU;608944;0;20;PT. ZONA LINTAS SAMUDERA;6089440;
EMCU;966403;4;40;PT. ZONA LINTAS SAMUDERA;9664034;
EMLU;807074;9;40;PT. ZONA LINTAS SAMUDERA;8070749;
EMSU;987169;2;40;PT. ZONA LINTAS SAMUDERA;9871692;
EOLU;221262;3;20;PT. ZONA LINTAS SAMUDERA;2212623;
EOLU;329697;4;20;PT. ZONA LINTAS SAMUDERA;3296974;
FCIU;240531;1;20;PT. ZONA LINTAS SAMUDERA;2405311;
FCIU;246292;3;20;PT. ZONA LINTAS SAMUDERA;2462923;
FCIU;254130;2;20;PT. ZONA LINTAS SAMUDERA;2541302;
FCIU;261611;9;20;PT. ZONA LINTAS SAMUDERA;2616119;
FCIU;266890;9;20;PT. ZONA LINTAS SAMUDERA;2668909;
FCIU;292251;0;20;PT. ZONA LINTAS SAMUDERA;2922510;
FCIU;332499;7;20;PT. ZONA LINTAS SAMUDERA;3324997;
FCIU;349308;7;20;PT. ZONA LINTAS SAMUDERA;3493087;
FCIU;350036;0;20;PT. ZONA LINTAS SAMUDERA;3500360;
FCIU;929839;1;40;PT. ZONA LINTAS SAMUDERA;9298391;
FDSU;468005;8;40;PT. ZONA LINTAS SAMUDERA;4680058;
FORU;202477;9;20;PT. ZONA LINTAS SAMUDERA;2024779;
FORU;292876;0;20;PT. ZONA LINTAS SAMUDERA;2928760;
FORU;841628;9;20;PT. ZONA LINTAS SAMUDERA;8416289;
FORU;848089;0;20;PT. ZONA LINTAS SAMUDERA;8480890;
FORU;848720;9;20;PT. ZONA LINTAS SAMUDERA;8487209;
FSCU;330821;2;20;PT. ZONA LINTAS SAMUDERA;3308212;
FSCU;338078;9;20;PT. ZONA LINTAS SAMUDERA;3380789;
FSCU;617169;5;40;PT. ZONA LINTAS SAMUDERA;6171695;
FSCU;739914;4;20;PT. ZONA LINTAS SAMUDERA;7399144;
FSCU;756877;4;20;PT. ZONA LINTAS SAMUDERA;7568774;
FSCU;760818;3;20;PT. ZONA LINTAS SAMUDERA;7608183;
FSCU;780050;8;20;PT. ZONA LINTAS SAMUDERA;7800508;
FSCU;783023;0;20;PT. ZONA LINTAS SAMUDERA;7830230;
FSCU;829515;0;40;PT. ZONA LINTAS SAMUDERA;8295150;
FUKU;296928;4;20;PT. ZONA LINTAS SAMUDERA;2969284;
FUKU;366435;9;20;PT. ZONA LINTAS SAMUDERA;3664359;
GAEU;750522;7;40;PT. ZONA LINTAS SAMUDERA;7505227;
GATU;009644;4;20;PT. ZONA LINTAS SAMUDERA;0096444;
GATU;077933;2;20;PT. ZONA LINTAS SAMUDERA;0779332;
GATU;101379;0;20;PT. ZONA LINTAS SAMUDERA;1013790;
GATU;101986;4;20;PT. ZONA LINTAS SAMUDERA;1019864;
GATU;105644;6;20;PT. ZONA LINTAS SAMUDERA;1056446;
GATU;132169;0;20;PT. ZONA LINTAS SAMUDERA;1321690;
GATU;136174;8;20;PT. ZONA LINTAS SAMUDERA;1361748;
GATU;850360;7;40;PT. ZONA LINTAS SAMUDERA;8503607;
GATU;861562;8;40;PT. ZONA LINTAS SAMUDERA;8615628;
GERU;303385;1;20;PT. ZONA LINTAS SAMUDERA;3033851;
GESU;104197;1;20;PT. ZONA LINTAS SAMUDERA;1041971;
GESU;104860;0;20;PT. ZONA LINTAS SAMUDERA;1048600;
GESU;105745;3;20;PT. ZONA LINTAS SAMUDERA;1057453;
GESU;113633;6;20;PT. ZONA LINTAS SAMUDERA;1136336;
GESU;114532;2;20;PT. ZONA LINTAS SAMUDERA;1145322;
GESU;134513;0;20;PT. ZONA LINTAS SAMUDERA;1345130;
GESU;138673;6;20;PT. ZONA LINTAS SAMUDERA;1386736;
GESU;141505;3;20;PT. ZONA LINTAS SAMUDERA;1415053;
GESU;142610;3;20;PT. ZONA LINTAS SAMUDERA;1426103;
GESU;142770;6;20;PT. ZONA LINTAS SAMUDERA;1427706;
GESU;144967;0;20;PT. ZONA LINTAS SAMUDERA;1449670;
GESU;145012;0;20;PT. ZONA LINTAS SAMUDERA;1450120;
GESU;208038;1;20;PT. ZONA LINTAS SAMUDERA;2080381;
GESU;216482;0;20;PT. ZONA LINTAS SAMUDERA;2164820;
GESU;246883;9;20;PT. ZONA LINTAS SAMUDERA;2468839;
GESU;261510;1;20;PT. ZONA LINTAS SAMUDERA;2615101;
GESU;262781;7;20;PT. ZONA LINTAS SAMUDERA;2627817;
GESU;267753;0;20;PT. ZONA LINTAS SAMUDERA;2677530;
GESU;269160;5;20;PT. ZONA LINTAS SAMUDERA;2691605;
GESU;275255;2;20;PT. ZONA LINTAS SAMUDERA;2752552;
GESU;280968;4;20;PT. ZONA LINTAS SAMUDERA;2809684;
GESU;283217;5;20;PT. ZONA LINTAS SAMUDERA;2832175;
GESU;286125;5;20;PT. ZONA LINTAS SAMUDERA;2861255;
GESU;287468;0;20;PT. ZONA LINTAS SAMUDERA;2874680;
GESU;289591;2;20;PT. ZONA LINTAS SAMUDERA;2895912;
GESU;292028;1;20;PT. ZONA LINTAS SAMUDERA;2920281;
GESU;293392;5;20;PT. ZONA LINTAS SAMUDERA;2933925;
GESU;302562;4;20;PT. ZONA LINTAS SAMUDERA;3025624;
GESU;303394;9;20;PT. ZONA LINTAS SAMUDERA;3033949;
GESU;304226;2;20;PT. ZONA LINTAS SAMUDERA;3042262;
GESU;305737;0;20;PT. ZONA LINTAS SAMUDERA;3057370;
GESU;306105;1;20;PT. ZONA LINTAS SAMUDERA;3061051;
GESU;306133;9;20;PT. ZONA LINTAS SAMUDERA;3061339;
GESU;331703;5;20;PT. ZONA LINTAS SAMUDERA;3317035;
GESU;350069;0;20;PT. ZONA LINTAS SAMUDERA;3500690;
GESU;357725;9;20;PT. ZONA LINTAS SAMUDERA;3577259;
GESU;360048;8;20;PT. ZONA LINTAS SAMUDERA;3600488;
GESU;363838;0;20;PT. ZONA LINTAS SAMUDERA;3638380;
GESU;380911;7;20;PT. ZONA LINTAS SAMUDERA;3809117;
GESU;388790;6;20;PT. ZONA LINTAS SAMUDERA;3887906;
GESU;389713;9;20;PT. ZONA LINTAS SAMUDERA;3897139;
GESU;425426;6;40;PT. ZONA LINTAS SAMUDERA;4254266;
GESU;462251;6;40;PT. ZONA LINTAS SAMUDERA;4622516;
GESU;468933;5;40;PT. ZONA LINTAS SAMUDERA;4689335;
GESU;473583;1;40;PT. ZONA LINTAS SAMUDERA;4735831;
GESU;483893;2;40;PT. ZONA LINTAS SAMUDERA;4838932;
GESU;489681;5;40;PT. ZONA LINTAS SAMUDERA;4896815;
GESU;511450;4;40;PT. ZONA LINTAS SAMUDERA;5114504;
GESU;531358;0;40;PT. ZONA LINTAS SAMUDERA;5313580;
GESU;550837;0;40;PT. ZONA LINTAS SAMUDERA;5508370;
GESU;557009;0;40;PT. ZONA LINTAS SAMUDERA;5570090;
GLDU;210493;6;20;PT. ZONA LINTAS SAMUDERA;2104936;
GLDU;226273;6;20;PT. ZONA LINTAS SAMUDERA;2262736;
GLDU;301270;5;20;PT. ZONA LINTAS SAMUDERA;3012705;
GLDU;340882;5;20;PT. ZONA LINTAS SAMUDERA;3408825;
GLDU;382781;6;20;PT. ZONA LINTAS SAMUDERA;3827816;
GLDU;389154;3;20;PT. ZONA LINTAS SAMUDERA;3891543;
GLDU;564111;6;20;PT. ZONA LINTAS SAMUDERA;5641116;
GLDU;575843;7;20;PT. ZONA LINTAS SAMUDERA;5758437;
GLDU;725282;8;20;PT. ZONA LINTAS SAMUDERA;7252828;
GLDU;750387;8;40;PT. ZONA LINTAS SAMUDERA;7503878;
GLDU;762005;1;40;PT. ZONA LINTAS SAMUDERA;7620051;
GLDU;936873;5;20;PT. ZONA LINTAS SAMUDERA;9368735;
GLDU;956615;5;20;PT. ZONA LINTAS SAMUDERA;9566155;
GLDU;970336;6;20;PT. ZONA LINTAS SAMUDERA;9703366;
GLDU;970850;0;20;PT. ZONA LINTAS SAMUDERA;9708500;
GSTU;381368;0;20;PT. ZONA LINTAS SAMUDERA;3813680;
GSTU;483332;0;20;PT. ZONA LINTAS SAMUDERA;4833320;
GSTU;511186;7;20;PT. ZONA LINTAS SAMUDERA;5111867;
GSTU;516096;4;20;PT. ZONA LINTAS SAMUDERA;5160964;
GSTU;590929;2;20;PT. ZONA LINTAS SAMUDERA;5909292;
GVCU;219009;9;20;PT. ZONA LINTAS SAMUDERA;2190099;
HALU;350931;1;20;PT. ZONA LINTAS SAMUDERA;3509311;
HCIU;210449;6;20;PT. ZONA LINTAS SAMUDERA;2104496;
HDMU;261996;9;20;PT. ZONA LINTAS SAMUDERA;2619969;
HJCU;124783;1;40;PT. ZONA LINTAS SAMUDERA;1247831;
HJMU;153190;9;40;PT. ZONA LINTAS SAMUDERA;1531909;
HJMU;290715;9;20;PT. ZONA LINTAS SAMUDERA;2907159;
HLXU;233670;0;20;PT. ZONA LINTAS SAMUDERA;2336700;
HMCU;306203;2;20;PT. ZONA LINTAS SAMUDERA;3062032;
IALU;220111;4;20;PT. ZONA LINTAS SAMUDERA;2201114;
IFLU;299038;0;20;PT. ZONA LINTAS SAMUDERA;2990380;
IIKU;296190;2;20;PT. ZONA LINTAS SAMUDERA;2961902;
ILSU;201960;2;20;PT. ZONA LINTAS SAMUDERA;2019602;
ILSU;202585;8;20;PT. ZONA LINTAS SAMUDERA;2025858;
INBU;346855;0;20;PT. ZONA LINTAS SAMUDERA;3468550;
INBU;374778;7;20;PT. ZONA LINTAS SAMUDERA;3747787;
INBU;389506;4;20;PT. ZONA LINTAS SAMUDERA;3895064;
INKU;221455;4;40;PT. ZONA LINTAS SAMUDERA;2214554;
INKU;253730;4;40;PT. ZONA LINTAS SAMUDERA;2537304;
INKU;561639;3;40;PT. ZONA LINTAS SAMUDERA;5616393;
INKU;637347;2;40;PT. ZONA LINTAS SAMUDERA;6373472;
INKU;674429;8;40;PT. ZONA LINTAS SAMUDERA;6744298;
INKU;709288;6;40;PT. ZONA LINTAS SAMUDERA;7092886;
IPXU;216109;3;20;PT. ZONA LINTAS SAMUDERA;2161093;
IPXU;308130;4;20;PT. ZONA LINTAS SAMUDERA;3081304;
IPXU;321990;2;20;PT. ZONA LINTAS SAMUDERA;3219902;
IPXU;333897;0;20;PT. ZONA LINTAS SAMUDERA;3338970;
IPXU;369545;2;20;PT. ZONA LINTAS SAMUDERA;3695452;
IRNU;150873;0;20;PT. ZONA LINTAS SAMUDERA;1508730;
IRNU;361319;1;20;PT. ZONA LINTAS SAMUDERA;3613191;
IRNU;363342;8;20;PT. ZONA LINTAS SAMUDERA;3633428;
IRNU;366445;5;20;PT. ZONA LINTAS SAMUDERA;3664455;
IRNU;367002;0;20;PT. ZONA LINTAS SAMUDERA;3670020;
IRNU;368123;6;20;PT. ZONA LINTAS SAMUDERA;3681236;
IRNU;369225;1;20;PT. ZONA LINTAS SAMUDERA;3692251;
JAYU;109116;4;20;PT. ZONA LINTAS SAMUDERA;1091164;
JHSU;259384;4;20;PT. ZONA LINTAS SAMUDERA;2593844;
KCSU;216636;1;20;PT. ZONA LINTAS SAMUDERA;2166361;
KDCU;216661;2;20;PT. ZONA LINTAS SAMUDERA;2166612;
KDCU;217061;2;20;PT. ZONA LINTAS SAMUDERA;2170612;
KDCU;217067;5;20;PT. ZONA LINTAS SAMUDERA;2170675;
KDCU;217116;2;20;PT. ZONA LINTAS SAMUDERA;2171162;
KDCU;217120;2;20;PT. ZONA LINTAS SAMUDERA;2171202;
KDCU;217196;4;20;PT. ZONA LINTAS SAMUDERA;2171964;
KDCU;217225;6;20;PT. ZONA LINTAS SAMUDERA;2172256;
KKFU;712038;8;40;PT. ZONA LINTAS SAMUDERA;7120388;
KKTU;752733;6;20;PT. ZONA LINTAS SAMUDERA;7527336;
KKTU;769330;0;20;PT. ZONA LINTAS SAMUDERA;7693300;
KMTU;723594;1;20;PT. ZONA LINTAS SAMUDERA;7235941;
KMTU;735343;5;20;PT. ZONA LINTAS SAMUDERA;7353435;
LGEU;388026;0;20;PT. ZONA LINTAS SAMUDERA;3880260;
LTIU;239236;3;20;PT. ZONA LINTAS SAMUDERA;2392363;
MAEU;681096;3;20;PT. ZONA LINTAS SAMUDERA;6810963;
MAEU;695787;2;20;PT. ZONA LINTAS SAMUDERA;6957872;
MAEU;695804;0;20;PT. ZONA LINTAS SAMUDERA;6958040;
MAEU;698769;2;20;PT. ZONA LINTAS SAMUDERA;6987692;
MAGU;213327;0;20;PT. ZONA LINTAS SAMUDERA;2133270;
MEDU;824603;5;40;PT. ZONA LINTAS SAMUDERA;8246035;
MEDU;826978;7;40;PT. ZONA LINTAS SAMUDERA;8269787;
MEDU;838432;7;40;PT. ZONA LINTAS SAMUDERA;8384327;
MLCU;246529;5;20;PT. ZONA LINTAS SAMUDERA;2465295;
MLCU;249417;0;20;PT. ZONA LINTAS SAMUDERA;2494170;
MLCU;299342;0;20;PT. ZONA LINTAS SAMUDERA;2993420;
MLCU;300481;0;20;PT. ZONA LINTAS SAMUDERA;3004810;
MLCU;340008;8;20;PT. ZONA LINTAS SAMUDERA;3400088;
MOAU;583356;4;20;PT. ZONA LINTAS SAMUDERA;5833564;
MOMU;220622;1;20;PT. ZONA LINTAS SAMUDERA;2206221;
MOTU;074554;9;20;PT. ZONA LINTAS SAMUDERA;0745549;
MOTU;074582;6;20;PT. ZONA LINTAS SAMUDERA;0745826;
MRLU;227806;0;20;PT. ZONA LINTAS SAMUDERA;2278060;
MSCU;321368;6;20;PT. ZONA LINTAS SAMUDERA;3213686;
MSCU;323325;5;20;PT. ZONA LINTAS SAMUDERA;3233255;
MSCU;380605;9;20;PT. ZONA LINTAS SAMUDERA;3806059;
MSCU;690967;8;20;PT. ZONA LINTAS SAMUDERA;6909678;
MSCU;708512;0;40;PT. ZONA LINTAS SAMUDERA;7085120;
MSCU;719674;0;40;PT. ZONA LINTAS SAMUDERA;7196740;
MSCU;879849;1;40;PT. ZONA LINTAS SAMUDERA;8798491;
MSCU;990379;7;40;PT. ZONA LINTAS SAMUDERA;9903797;
MSKU;201655;2;20;PT. ZONA LINTAS SAMUDERA;2016552;
MSKU;208471;0;20;PT. ZONA LINTAS SAMUDERA;2084710;
MSKU;211073;8;20;PT. ZONA LINTAS SAMUDERA;2110738;
MSKU;214061;9;20;PT. ZONA LINTAS SAMUDERA;2140619;
MSKU;215823;8;20;PT. ZONA LINTAS SAMUDERA;2158238;
MSKU;219713;1;20;PT. ZONA LINTAS SAMUDERA;2197131;
MSKU;221530;1;20;PT. ZONA LINTAS SAMUDERA;2215301;
MSKU;221809;1;20;PT. ZONA LINTAS SAMUDERA;2218091;
MSKU;230233;0;20;PT. ZONA LINTAS SAMUDERA;2302330;
MSKU;243911;1;20;PT. ZONA LINTAS SAMUDERA;2439111;
MSKU;246589;3;20;PT. ZONA LINTAS SAMUDERA;2465893;
MSKU;248412;6;20;PT. ZONA LINTAS SAMUDERA;2484126;
MSKU;253623;5;20;PT. ZONA LINTAS SAMUDERA;2536235;
MSKU;254966;0;20;PT. ZONA LINTAS SAMUDERA;2549660;
MSKU;258279;7;20;PT. ZONA LINTAS SAMUDERA;2582797;
MSKU;265008;4;20;PT. ZONA LINTAS SAMUDERA;2650084;
MSKU;278309;2;20;PT. ZONA LINTAS SAMUDERA;2783092;
MSKU;286212;3;20;PT. ZONA LINTAS SAMUDERA;2862123;
MSKU;300123;8;20;PT. ZONA LINTAS SAMUDERA;3001238;
MSKU;301281;8;20;PT. ZONA LINTAS SAMUDERA;3012818;
MSKU;304195;0;20;PT. ZONA LINTAS SAMUDERA;3041950;
MSKU;343891;1;20;PT. ZONA LINTAS SAMUDERA;3438911;
MSKU;455544;5;40;PT. ZONA LINTAS SAMUDERA;4555445;
MSKU;914741;0;40;PT. ZONA LINTAS SAMUDERA;9147410;
NONU;838495;0;40;PT. ZONA LINTAS SAMUDERA;8384950;
NYKU;255829;0;20;PT. ZONA LINTAS SAMUDERA;2558290;
NYKU;551588;0;40;PT. ZONA LINTAS SAMUDERA;5515880;
NYKU;562023;5;40;PT. ZONA LINTAS SAMUDERA;5620235;
NYKU;562205;3;40;PT. ZONA LINTAS SAMUDERA;5622053;
NYKU;697377;2;40;PT. ZONA LINTAS SAMUDERA;6973772;
OOLU;116374;0;20;PT. ZONA LINTAS SAMUDERA;1163740;
OOLU;119216;3;20;PT. ZONA LINTAS SAMUDERA;1192163;
OOLU;121350;1;20;PT. ZONA LINTAS SAMUDERA;1213501;
OOLU;127758;0;20;PT. ZONA LINTAS SAMUDERA;1277580;
OOLU;127835;4;20;PT. ZONA LINTAS SAMUDERA;1278354;
OOLU;131718;9;20;PT. ZONA LINTAS SAMUDERA;1317189;
OOLU;133473;5;20;PT. ZONA LINTAS SAMUDERA;1334735;
OOLU;134068;2;20;PT. ZONA LINTAS SAMUDERA;1340682;
OOLU;134476;0;20;PT. ZONA LINTAS SAMUDERA;1344760;
OOLU;137533;3;20;PT. ZONA LINTAS SAMUDERA;1375333;
OOLU;140861;1;20;PT. ZONA LINTAS SAMUDERA;1408611;
OOLU;141230;8;20;PT. ZONA LINTAS SAMUDERA;1412308;
OOLU;144663;2;20;PT. ZONA LINTAS SAMUDERA;1446632;
OOLU;145327;2;20;PT. ZONA LINTAS SAMUDERA;1453272;
OOLU;148678;5;20;PT. ZONA LINTAS SAMUDERA;1486785;
OOLU;152986;6;20;PT. ZONA LINTAS SAMUDERA;1529866;
OOLU;153665;4;20;PT. ZONA LINTAS SAMUDERA;1536654;
OOLU;153943;7;20;PT. ZONA LINTAS SAMUDERA;1539437;
OOLU;157649;3;20;PT. ZONA LINTAS SAMUDERA;1576493;
OOLU;158518;1;20;PT. ZONA LINTAS SAMUDERA;1585181;
OOLU;161241;4;20;PT. ZONA LINTAS SAMUDERA;1612414;
OOLU;162995;2;20;PT. ZONA LINTAS SAMUDERA;1629952;
OOLU;169435;1;20;PT. ZONA LINTAS SAMUDERA;1694351;
OOLU;171102;1;20;PT. ZONA LINTAS SAMUDERA;1711021;
OOLU;173112;0;20;PT. ZONA LINTAS SAMUDERA;1731120;
OOLU;174067;3;20;PT. ZONA LINTAS SAMUDERA;1740673;
OOLU;368729;0;20;PT. ZONA LINTAS SAMUDERA;3687290;
PCIU;231546;0;20;PT. ZONA LINTAS SAMUDERA;2315460;
PCIU;257382;4;20;PT. ZONA LINTAS SAMUDERA;2573824;
PCIU;275208;0;20;PT. ZONA LINTAS SAMUDERA;2752080;
PCIU;285467;3;20;PT. ZONA LINTAS SAMUDERA;2854673;
PCIU;289848;1;20;PT. ZONA LINTAS SAMUDERA;2898481;
PCIU;305634;3;20;PT. ZONA LINTAS SAMUDERA;3056343;
PCIU;306461;0;20;PT. ZONA LINTAS SAMUDERA;3064610;
PCIU;361923;6;20;PT. ZONA LINTAS SAMUDERA;3619236;
PCIU;935876;3;20;PT. ZONA LINTAS SAMUDERA;9358763;
PCIU;976581;3;40;PT. ZONA LINTAS SAMUDERA;9765813;
PKEU;502823;2;40;PT. ZONA LINTAS SAMUDERA;5028232;
PKEU;503397;0;40;PT. ZONA LINTAS SAMUDERA;5033970;
PONU;011169;5;20;PT. ZONA LINTAS SAMUDERA;0111695;
PONU;023176;7;20;PT. ZONA LINTAS SAMUDERA;0231767;
PONU;029115;4;20;PT. ZONA LINTAS SAMUDERA;0291154;
PONU;050218;0;20;PT. ZONA LINTAS SAMUDERA;0502180;
PONU;095517;1;20;PT. ZONA LINTAS SAMUDERA;0955171;
PONU;722570;3;40;PT. ZONA LINTAS SAMUDERA;7225703;
PRSU;216286;4;20;PT. ZONA LINTAS SAMUDERA;2162864;
PRSU;960163;4;40;PT. ZONA LINTAS SAMUDERA;9601634;
REGU;307785;3;20;PT. ZONA LINTAS SAMUDERA;3077853;
REGU;504366;2;40;PT. ZONA LINTAS SAMUDERA;5043662;
RPLU;200749;6;20;PT. ZONA LINTAS SAMUDERA;2007496;
SCMU;208220;4;20;PT. ZONA LINTAS SAMUDERA;2082204;
SCZU;567249;0;40;PT. ZONA LINTAS SAMUDERA;5672490;
SCZU;798085;0;20;PT. ZONA LINTAS SAMUDERA;7980850;
SCZU;824155;7;20;PT. ZONA LINTAS SAMUDERA;8241557;
SEGU;100314;8;20;PT. ZONA LINTAS SAMUDERA;1003148;
SEGU;102148;1;20;PT. ZONA LINTAS SAMUDERA;1021481;
SEGU;102877;9;20;PT. ZONA LINTAS SAMUDERA;1028779;
SEGU;141037;5;20;PT. ZONA LINTAS SAMUDERA;1410375;
SEGU;141471;9;20;PT. ZONA LINTAS SAMUDERA;1414719;
SEGU;287817;0;20;PT. ZONA LINTAS SAMUDERA;2878170;
SIKU;294751;9;20;PT. ZONA LINTAS SAMUDERA;2947519;
SNKU;200133;2;20;PT. ZONA LINTAS SAMUDERA;2001332;
STXU;457790;8;40;PT. ZONA LINTAS SAMUDERA;4577908;
TAHU;903327;3;20;PT. ZONA LINTAS SAMUDERA;9033273;
TAKU;220370;4;20;PT. ZONA LINTAS SAMUDERA;2203704;
TAKU;220387;2;20;PT. ZONA LINTAS SAMUDERA;2203872;
TAKU;220535;0;20;PT. ZONA LINTAS SAMUDERA;2205350;
TAKU;220728;7;20;PT. ZONA LINTAS SAMUDERA;2207287;
TAKU;221733;0;20;PT. ZONA LINTAS SAMUDERA;2217330;
TAKU;221852;7;20;PT. ZONA LINTAS SAMUDERA;2218527;
TAKU;221937;5;20;PT. ZONA LINTAS SAMUDERA;2219375;
TCKU;254289;2;20;PT. ZONA LINTAS SAMUDERA;2542892;
TCKU;298284;4;20;PT. ZONA LINTAS SAMUDERA;2982844;
TCKU;311096;6;20;PT. ZONA LINTAS SAMUDERA;3110966;
TCLU;532821;7;40;PT. ZONA LINTAS SAMUDERA;5328217;
TDRU;011181;3;20;PT. ZONA LINTAS SAMUDERA;0111813;
TDRU;227521;0;20;PT. ZONA LINTAS SAMUDERA;2275210;
TDRU;541989;8;40;PT. ZONA LINTAS SAMUDERA;5419898;
TDRU;612434;0;40;PT. ZONA LINTAS SAMUDERA;6124340;
TEMU;210873;0;20;PT. ZONA LINTAS SAMUDERA;2108730;
TEMU;216275;2;20;PT. ZONA LINTAS SAMUDERA;2162752;
TEMU;224682;7;20;PT. ZONA LINTAS SAMUDERA;2246827;
TEMU;225472;0;20;PT. ZONA LINTAS SAMUDERA;2254720;
TEMU;232669;2;20;PT. ZONA LINTAS SAMUDERA;2326692;
TEMU;235377;0;20;PT. ZONA LINTAS SAMUDERA;2353770;
TEMU;236548;8;20;PT. ZONA LINTAS SAMUDERA;2365488;
TEMU;247156;1;20;PT. ZONA LINTAS SAMUDERA;2471561;
TEMU;262412;5;20;PT. ZONA LINTAS SAMUDERA;2624125;
TEMU;266650;0;20;PT. ZONA LINTAS SAMUDERA;2666500;
TEMU;269496;6;20;PT. ZONA LINTAS SAMUDERA;2694966;
TEMU;269725;0;20;PT. ZONA LINTAS SAMUDERA;2697250;
TEMU;269779;6;20;PT. ZONA LINTAS SAMUDERA;2697796;
TEMU;269899;8;20;PT. ZONA LINTAS SAMUDERA;2698998;
TEMU;270058;6;20;PT. ZONA LINTAS SAMUDERA;2700586;
TEMU;270352;2;20;PT. ZONA LINTAS SAMUDERA;2703522;
TEMU;270520;6;20;PT. ZONA LINTAS SAMUDERA;2705206;
TEMU;272251;7;20;PT. ZONA LINTAS SAMUDERA;2722517;
TEMU;273351;1;20;PT. ZONA LINTAS SAMUDERA;2733511;
TEMU;274007;0;20;PT. ZONA LINTAS SAMUDERA;2740070;
TEMU;277518;4;20;PT. ZONA LINTAS SAMUDERA;2775184;
TEMU;278602;3;20;PT. ZONA LINTAS SAMUDERA;2786023;
TEMU;281581;5;20;PT. ZONA LINTAS SAMUDERA;2815815;
TEMU;281736;1;20;PT. ZONA LINTAS SAMUDERA;2817361;
TEMU;286344;9;20;PT. ZONA LINTAS SAMUDERA;2863449;
TEMU;286972;4;20;PT. ZONA LINTAS SAMUDERA;2869724;
TEMU;286993;5;20;PT. ZONA LINTAS SAMUDERA;2869935;
TEMU;300041;6;20;PT. ZONA LINTAS SAMUDERA;3000416;
TEMU;302877;4;20;PT. ZONA LINTAS SAMUDERA;3028774;
TEMU;376989;0;20;PT. ZONA LINTAS SAMUDERA;3769890;
TEMU;508601;8;20;PT. ZONA LINTAS SAMUDERA;5086018;
TEMU;633420;6;40;PT. ZONA LINTAS SAMUDERA;6334206;
TEXU;353917;1;20;PT. ZONA LINTAS SAMUDERA;3539171;
TEXU;356786;7;20;PT. ZONA LINTAS SAMUDERA;3567867;
TEXU;377301;9;20;PT. ZONA LINTAS SAMUDERA;3773019;
TEXU;379664;7;20;PT. ZONA LINTAS SAMUDERA;3796647;
TEXU;381807;3;20;PT. ZONA LINTAS SAMUDERA;3818073;
TEXU;399971;0;20;PT. ZONA LINTAS SAMUDERA;3999710;
TEXU;553130;7;40;PT. ZONA LINTAS SAMUDERA;5531307;
TEXU;721023;0;40;PT. ZONA LINTAS SAMUDERA;7210230;
TGHU;011558;4;20;PT. ZONA LINTAS SAMUDERA;0115584;
TGHU;014909;6;20;PT. ZONA LINTAS SAMUDERA;0149096;
TGHU;033842;2;20;PT. ZONA LINTAS SAMUDERA;0338422;
TGHU;038718;1;20;PT. ZONA LINTAS SAMUDERA;0387181;
TGHU;041800;3;20;PT. ZONA LINTAS SAMUDERA;0418003;
TGHU;046680;3;20;PT. ZONA LINTAS SAMUDERA;0466803;
TGHU;063629;0;20;PT. ZONA LINTAS SAMUDERA;0636290;
TGHU;083373;0;20;PT. ZONA LINTAS SAMUDERA;0833730;
TGHU;085049;1;20;PT. ZONA LINTAS SAMUDERA;0850491;
TGHU;088669;0;20;PT. ZONA LINTAS SAMUDERA;0886690;
TGHU;093306;6;20;PT. ZONA LINTAS SAMUDERA;0933066;
TGHU;119681;0;20;PT. ZONA LINTAS SAMUDERA;1196810;
TGHU;124627;5;20;PT. ZONA LINTAS SAMUDERA;1246275;
TGHU;150199;8;20;PT. ZONA LINTAS SAMUDERA;1501998;
TGHU;151858;4;20;PT. ZONA LINTAS SAMUDERA;1518584;
TGHU;184584;3;20;PT. ZONA LINTAS SAMUDERA;1845843;
TGHU;184989;6;20;PT. ZONA LINTAS SAMUDERA;1849896;
TGHU;237129;2;20;PT. ZONA LINTAS SAMUDERA;2371292;
TGHU;238378;1;20;PT. ZONA LINTAS SAMUDERA;2383781;
TGHU;238464;3;20;PT. ZONA LINTAS SAMUDERA;2384643;
TGHU;252926;4;20;PT. ZONA LINTAS SAMUDERA;2529264;
TGHU;256946;2;20;PT. ZONA LINTAS SAMUDERA;2569462;
TGHU;257055;0;20;PT. ZONA LINTAS SAMUDERA;2570550;
TGHU;272794;8;20;PT. ZONA LINTAS SAMUDERA;2727948;
TGHU;274016;9;20;PT. ZONA LINTAS SAMUDERA;2740169;
TGHU;278325;8;20;PT. ZONA LINTAS SAMUDERA;2783258;
TGHU;279464;8;20;PT. ZONA LINTAS SAMUDERA;2794648;
TGHU;289154;5;20;PT. ZONA LINTAS SAMUDERA;2891545;
TGHU;289432;8;20;PT. ZONA LINTAS SAMUDERA;2894328;
TGHU;296397;0;20;PT. ZONA LINTAS SAMUDERA;2963970;
TGHU;302894;5;20;PT. ZONA LINTAS SAMUDERA;3028945;
TGHU;306725;8;20;PT. ZONA LINTAS SAMUDERA;3067258;
TGHU;311730;1;20;PT. ZONA LINTAS SAMUDERA;3117301;
TGHU;314508;9;20;PT. ZONA LINTAS SAMUDERA;3145089;
TGHU;322262;6;20;PT. ZONA LINTAS SAMUDERA;3222626;
TGHU;327431;6;20;PT. ZONA LINTAS SAMUDERA;3274316;
TGHU;335007;8;20;PT. ZONA LINTAS SAMUDERA;3350078;
TGHU;352647;0;20;PT. ZONA LINTAS SAMUDERA;3526470;
TGHU;368892;8;20;PT. ZONA LINTAS SAMUDERA;3688928;
TGHU;381450;1;20;PT. ZONA LINTAS SAMUDERA;3814501;
TGHU;382710;8;20;PT. ZONA LINTAS SAMUDERA;3827108;
TGHU;390337;9;20;PT. ZONA LINTAS SAMUDERA;3903379;
TGHU;398849;0;20;PT. ZONA LINTAS SAMUDERA;3988490;
TGHU;398894;6;20;PT. ZONA LINTAS SAMUDERA;3988946;
TGHU;613047;8;40;PT. ZONA LINTAS SAMUDERA;6130478;
TGHU;905747;3;40;PT. ZONA LINTAS SAMUDERA;9057473;
TGHU;918891;4;40;PT. ZONA LINTAS SAMUDERA;9188914;
TGHU;937774;9;40;PT. ZONA LINTAS SAMUDERA;9377749;
TGHU;950896;2;40;PT. ZONA LINTAS SAMUDERA;9508962;
TOLU;296774;8;20;PT. ZONA LINTAS SAMUDERA;2967748;
TPNU;411010;4;40;PT. ZONA LINTAS SAMUDERA;4110104;
TRDU;551752;0;20;PT. ZONA LINTAS SAMUDERA;5517520;
TRIU;382319;7;20;PT. ZONA LINTAS SAMUDERA;3823197;
TRLU;361057;6;20;PT. ZONA LINTAS SAMUDERA;3610576;
TRLU;361774;0;20;PT. ZONA LINTAS SAMUDERA;3617740;
TRLU;368018;8;20;PT. ZONA LINTAS SAMUDERA;3680188;
TRLU;498705;5;40;PT. ZONA LINTAS SAMUDERA;4987055;
TRLU;524262;1;40;PT. ZONA LINTAS SAMUDERA;5242621;
TRLU;554810;2;40;PT. ZONA LINTAS SAMUDERA;5548102;
TRLU;898693;0;20;PT. ZONA LINTAS SAMUDERA;8986930;
TRLU;965718;5;20;PT. ZONA LINTAS SAMUDERA;9657185;
TTNU;262438;6;20;PT. ZONA LINTAS SAMUDERA;2624386;
TTNU;307328;8;20;PT. ZONA LINTAS SAMUDERA;3073288;
TTNU;321694;3;20;PT. ZONA LINTAS SAMUDERA;3216943;
TTNU;333306;6;20;PT. ZONA LINTAS SAMUDERA;3333066;
TTNU;354315;0;20;PT. ZONA LINTAS SAMUDERA;3543150;
TTNU;361967;7;20;PT. ZONA LINTAS SAMUDERA;3619677;
TTNU;929576;5;40;PT. ZONA LINTAS SAMUDERA;9295765;
UACU;340394;3;20;PT. ZONA LINTAS SAMUDERA;3403943;
UESU;220158;0;20;PT. ZONA LINTAS SAMUDERA;2201580;
UESU;222305;9;20;PT. ZONA LINTAS SAMUDERA;2223059;
UESU;231070;2;20;PT. ZONA LINTAS SAMUDERA;2310702;
UESU;244900;4;20;PT. ZONA LINTAS SAMUDERA;2449004;
UESU;468870;7;40;PT. ZONA LINTAS SAMUDERA;4688707;
UGMU;858045;6;20;PT. ZONA LINTAS SAMUDERA;8580456;
VGCU;288609;7;40;PT. ZONA LINTAS SAMUDERA;2886097;
WFHU;102790;0;20;PT. ZONA LINTAS SAMUDERA;1027900;
WFHU;124096;2;20;PT. ZONA LINTAS SAMUDERA;1240962;
WHLU;020160;2;20;PT. ZONA LINTAS SAMUDERA;0201602;
WHLU;021591;0;20;PT. ZONA LINTAS SAMUDERA;0215910;
WHLU;024930;8;20;PT. ZONA LINTAS SAMUDERA;0249308;
WHLU;026801;5;20;PT. ZONA LINTAS SAMUDERA;0268015;
WHLU;027317;7;20;PT. ZONA LINTAS SAMUDERA;0273177;
WHLU;027402;3;20;PT. ZONA LINTAS SAMUDERA;0274023;
WHLU;028100;1;20;PT. ZONA LINTAS SAMUDERA;0281001;
WHLU;030090;3;20;PT. ZONA LINTAS SAMUDERA;0300903;
WHLU;031968;4;20;PT. ZONA LINTAS SAMUDERA;0319684;
WHLU;032131;5;20;PT. ZONA LINTAS SAMUDERA;0321315;
WHLU;032289;9;20;PT. ZONA LINTAS SAMUDERA;0322899;
WHLU;032376;6;20;PT. ZONA LINTAS SAMUDERA;0323766;
WHLU;033005;0;20;PT. ZONA LINTAS SAMUDERA;0330050;
WHLU;034359;3;20;PT. ZONA LINTAS SAMUDERA;0343593;
WHLU;035218;9;20;PT. ZONA LINTAS SAMUDERA;0352189;
WHLU;035912;0;20;PT. ZONA LINTAS SAMUDERA;0359120;
WHLU;037992;9;20;PT. ZONA LINTAS SAMUDERA;0379929;
WHLU;223488;4;20;PT. ZONA LINTAS SAMUDERA;2234884;
WHLU;227236;0;20;PT. ZONA LINTAS SAMUDERA;2272360;
WHLU;241608;7;20;PT. ZONA LINTAS SAMUDERA;2416087;
WHLU;242054;9;20;PT. ZONA LINTAS SAMUDERA;2420549;
WHLU;242084;7;20;PT. ZONA LINTAS SAMUDERA;2420847;
WHLU;248367;6;20;PT. ZONA LINTAS SAMUDERA;2483676;
WHLU;275045;3;20;PT. ZONA LINTAS SAMUDERA;2750453;
WHLU;285706;1;20;PT. ZONA LINTAS SAMUDERA;2857061;
WLNU;291595;0;20;PT. ZONA LINTAS SAMUDERA;2915950;
WSCU;162009;1;20;PT. ZONA LINTAS SAMUDERA;1620091;
WSCU;938917;9;40;PT. ZONA LINTAS SAMUDERA;9389179;
WSCU;962012;2;40;PT. ZONA LINTAS SAMUDERA;9620122;
XINU;108566;2;20;PT. ZONA LINTAS SAMUDERA;1085662;
XINU;108853;2;20;PT. ZONA LINTAS SAMUDERA;1088532;
XINU;110173;7;20;PT. ZONA LINTAS SAMUDERA;1101737;
XINU;149219;0;20;PT. ZONA LINTAS SAMUDERA;1492190;
XINU;152001;3;20;PT. ZONA LINTAS SAMUDERA;1520013;
XINU;158334;6;20;PT. ZONA LINTAS SAMUDERA;1583346;
XINU;813686;4;40;PT. ZONA LINTAS SAMUDERA;8136864;
XXXU;215019;6;20;PT. ZONA LINTAS SAMUDERA;2150196;
XXXU;990222;4;40;PT. ZONA LINTAS SAMUDERA;9902224;
YELU;575995;4;40;PT. ZONA LINTAS SAMUDERA;5759954;
YELU;578966;6;40;PT. ZONA LINTAS SAMUDERA;5789666;
YMLU;278667;5;20;PT. ZONA LINTAS SAMUDERA;2786675;
ZIMU;125464;7;20;PT. ZONA LINTAS SAMUDERA;1254647;
ZONA;020560;6;20;PT. ZONA LINTAS SAMUDERA;0205606;
ZONA;077317;7;20;PT. ZONA LINTAS SAMUDERA;0773177;
ZONA;191074;9;20;PT. ZONA LINTAS SAMUDERA;1910749;
ZONA;200424;3;20;PT. ZONA LINTAS SAMUDERA;2004243;
ZONA;220180;0;20;PT. ZONA LINTAS SAMUDERA;2201800;
ZONA;220198;8;20;PT. ZONA LINTAS SAMUDERA;2201988;
ZONA;220329;7;20;PT. ZONA LINTAS SAMUDERA;2203297;
ZONA;220420;2;20;PT. ZONA LINTAS SAMUDERA;2204202;
ZONA;220720;1;20;PT. ZONA LINTAS SAMUDERA;2207201;
ZONA;220826;0;20;PT. ZONA LINTAS SAMUDERA;2208260;
ZONA;220847;7;20;PT. ZONA LINTAS SAMUDERA;2208477;
ZONA;220991;4;20;PT. ZONA LINTAS SAMUDERA;2209914;
ZONA;221096;7;20;PT. ZONA LINTAS SAMUDERA;2210967;
ZONA;221177;3;20;PT. ZONA LINTAS SAMUDERA;2211773;
ZONA;221220;8;20;PT. ZONA LINTAS SAMUDERA;2212208;
ZONA;221329;5;20;PT. ZONA LINTAS SAMUDERA;2213295;
ZONA;221335;4;20;PT. ZONA LINTAS SAMUDERA;2213354;
ZONA;221416;6;20;PT. ZONA LINTAS SAMUDERA;2214166;
ZONA;221425;8;20;PT. ZONA LINTAS SAMUDERA;2214258;
ZONA;221427;4;20;PT. ZONA LINTAS SAMUDERA;2214274;
ZONA;221430;3;20;PT. ZONA LINTAS SAMUDERA;2214303;
ZONA;221451;4;20;PT. ZONA LINTAS SAMUDERA;2214514;
ZONA;221458;2;20;PT. ZONA LINTAS SAMUDERA;2214582;
ZONA;221572;7;20;PT. ZONA LINTAS SAMUDERA;2215727;
ZONA;221631;3;20;PT. ZONA LINTAS SAMUDERA;2216313;
ZONA;221647;7;20;PT. ZONA LINTAS SAMUDERA;2216477;
ZONA;221734;4;20;PT. ZONA LINTAS SAMUDERA;2217344;
ZONA;221741;0;20;PT. ZONA LINTAS SAMUDERA;2217410;
ZONA;221747;3;20;PT. ZONA LINTAS SAMUDERA;2217473;
ZONA;221795;8;20;PT. ZONA LINTAS SAMUDERA;2217958;
ZONA;221810;3;20;PT. ZONA LINTAS SAMUDERA;2218103;
ZONA;221819;2;20;PT. ZONA LINTAS SAMUDERA;2218192;
ZONA;221836;1;20;PT. ZONA LINTAS SAMUDERA;2218361;
ZONA;221851;1;20;PT. ZONA LINTAS SAMUDERA;2218511;
ZONA;221864;4;20;PT. ZONA LINTAS SAMUDERA;2218644;
ZONA;221930;5;20;PT. ZONA LINTAS SAMUDERA;2219305;
ZONA;231724;5;20;PT. ZONA LINTAS SAMUDERA;2317245;
ZONA;239066;7;20;PT. ZONA LINTAS SAMUDERA;2390667;
ZONA;240088;8;20;PT. ZONA LINTAS SAMUDERA;2400888;
ZONA;262745;5;20;PT. ZONA LINTAS SAMUDERA;2627455;
ZONA;280758;3;20;PT. ZONA LINTAS SAMUDERA;2807583;
ZONA;284379;6;20;PT. ZONA LINTAS SAMUDERA;2843796;
ZONA;286233;9;20;PT. ZONA LINTAS SAMUDERA;2862339;
ZONA;287589;2;20;PT. ZONA LINTAS SAMUDERA;2875892;
ZONA;290112;3;20;PT. ZONA LINTAS SAMUDERA;2901123;
ZONA;293830;8;20;PT. ZONA LINTAS SAMUDERA;2938308;
ZONA;316376;5;20;PT. ZONA LINTAS SAMUDERA;3163765;
ZONA;325768;1;20;PT. ZONA LINTAS SAMUDERA;3257681;
ZONA;342316;4;20;PT. ZONA LINTAS SAMUDERA;3423164;
ZONA;357070;0;20;PT. ZONA LINTAS SAMUDERA;3570700;
ZONA;357142;9;20;PT. ZONA LINTAS SAMUDERA;3571429;
ZONA;391138;1;20;PT. ZONA LINTAS SAMUDERA;3911381;
ZONA;522929;0;20;PT. ZONA LINTAS SAMUDERA;5229290;
ZONA;529851;4;40;PT. ZONA LINTAS SAMUDERA;5298514;
ZONA;606266;8;20;PT. ZONA LINTAS SAMUDERA;6062668;
ZONA;621034;1;20;PT. ZONA LINTAS SAMUDERA;6210341;
ZONA;695024;1;20;PT. ZONA LINTAS SAMUDERA;6950241;
ZONA;695150;7;20;PT. ZONA LINTAS SAMUDERA;6951507;
ZONA;695685;5;20;PT. ZONA LINTAS SAMUDERA;6956855;
ZONA;698779;3;20;PT. ZONA LINTAS SAMUDERA;6987793;
ZONA;765180;2;40;PT. ZONA LINTAS SAMUDERA;7651802;
ZONA;807039;9;40;PT. ZONA LINTAS SAMUDERA;8070399;
ZONA;807592;8;20;PT. ZONA LINTAS SAMUDERA;8075928;
ZONA;901762;1;20;PT. ZONA LINTAS SAMUDERA;9017621;
ZONA;910277;0;20;PT. ZONA LINTAS SAMUDERA;9102770;
ZWFU;100073;0;20;PT. ZONA LINTAS SAMUDERA;1000730;
CBHU;395269;7;20;PT. DEPO PETIKEMAS EXPRESSINDO;3952697;
CBHU;407776;4;20;PT. DEPO PETIKEMAS EXPRESSINDO;4077764;
CBHU;587632;2;20;PT. DEPO PETIKEMAS EXPRESSINDO;5876322;
CBHU;591144;4;20;PT. DEPO PETIKEMAS EXPRESSINDO;5911444;
CBHU;591413;0;20;PT. DEPO PETIKEMAS EXPRESSINDO;5914130;
CCLU;380650;0;20;PT. DEPO PETIKEMAS EXPRESSINDO;3806500;
CCLU;383662;9;20;PT. DEPO PETIKEMAS EXPRESSINDO;3836629;
CSLU;100404;5;20;PT. DEPO PETIKEMAS EXPRESSINDO;1004045;
CSLU;124777;0;20;PT. DEPO PETIKEMAS EXPRESSINDO;1247770;
CXDU;110808;0;20;PT. DEPO PETIKEMAS EXPRESSINDO;1108080;
DPEU;486976;9;20;PT. DEPO PETIKEMAS EXPRESSINDO;4869769;
RXTU;454018;0;40;PT. DEPO PETIKEMAS EXPRESSINDO;4540180;
STXU;201521;8;20;PT. DEPO PETIKEMAS EXPRESSINDO;2015218;
