vendor,nomor_kontainer,size,tanggal_awal,tanggal_akhir,tarif,adjustment,periode,group,status
ZONA,BMOU2495277,20,2023-06-07,2023-07-06,Bulanan,0,3,Z010,ongoing
ZONA,GESU2832175,20,2023-06-07,2023-07-06,Bulanan,0,3,Z010,ongoing
ZONA,IRNU3633428,20,2023-06-07,2023-06-16,Harian,0,3,Z010,ongoing
ZONA,MAEU6958040,20,2023-06-07,2023-06-16,Harian,0,3,Z010,ongoing
ZONA,MSKU2158238,20,2023-06-07,2023-07-06,Bulanan,0,3,Z010,ongoing
ZONA,MSKU3041950,20,2023-06-07,2023-06-17,Harian,0,3,Z010,ongoing
ZONA,ZONA9900023,20,2023-06-07,2023-07-06,Bulanan,0,3,Z010,ongoing
ZONA,CCLU2644067,20,2023-06-08,2023-07-07,Bulanan,0,3,Z010,ongoing
ZONA,FCIU2922510,20,2023-06-08,2023-06-17,Harian,0,3,Z010,ongoing
ZONA,BMOU2495277,20,2023-07-07,2023-08-06,Harian,-22523,4,Z010,ongoing
ZONA,GESU2832175,20,2023-07-07,2023-08-06,Harian,-22523,4,Z010,ongoing
ZONA,MSKU2158238,20,2023-07-07,2023-08-06,Harian,-22523,4,Z010,ongoing
ZONA,ZONA9900023,20,2023-07-07,2023-07-11,Harian,-22523,4,Z010,ongoing
ZONA,CCLU2644067,20,2023-07-08,2023-08-06,Bulanan,0,4,Z010,ongoing
ZONA,GESU4838932,40,2023-11-22,2023-12-15,Harian,0,4,Z12,ongoing
ZONA,INKU2537304,40,2023-11-22,2023-12-01,Harian,0,4,Z12,ongoing
ZONA,NYKU5620235,40,2023-11-22,2023-12-16,Harian,0,4,Z12,ongoing
ZONA,TDRU5419898,40,2023-11-22,2023-12-13,Harian,-378378,4,Z12,ongoing
ZONA,TEMU6334206,40,2023-11-22,2023-12-13,Harian,-378378,4,Z12,ongoing
ZONA,TDRU6124340,40,2024-01-16,2024-02-15,Bulanan,0,3,Z09,ongoing
ZONA,TDRU6124340,40,2024-02-16,2024-03-15,Bulanan,0,4,Z09,ongoing
ZONA,TDRU6124340,40,2024-03-16,2024-04-15,Bulanan,-378378,5,Z09,ongoing
ZONA,TDRU6124340,40,2024-04-16,2024-05-15,Bulanan,0,6,Z09,ongoing
ZONA,TDRU6124340,40,2024-05-16,2024-06-15,Bulanan,0,7,Z09,ongoing
ZONA,TDRU6124340,40,2024-06-16,2024-07-15,Bulanan,0,8,Z09,ongoing
ZONA,TDRU6124340,40,2024-07-16,2024-08-15,Bulanan,0,9,Z09,ongoing
ZONA,TDRU6124340,40,2024-08-16,2024-09-15,Bulanan,0,10,Z09,ongoing
ZONA,TDRU6124340,40,2024-09-16,2024-10-15,Bulanan,0,11,Z09,ongoing
ZONA,TDRU6124340,40,2024-10-16,2024-11-15,Bulanan,0,12,Z09,ongoing
ZONA,TDRU6124340,40,2024-11-16,2024-12-03,Harian,0,13,Z09,ongoing
ZONA,EGHU9005182,40,2024-01-13,2024-02-12,Bulanan,0,1,Z16,ongoing
ZONA,NYKU5622053,40,2024-01-13,2024-02-12,Bulanan,0,1,Z16,ongoing
ZONA,MSCU9903797,40,2024-01-14,2024-02-13,Bulanan,0,1,Z16,ongoing
ZONA,VGCU2886097,40,2024-01-14,2024-02-13,Bulanan,0,1,Z16,ongoing
ZONA,EGHU9005182,40,2024-02-13,2024-03-12,Bulanan,0,2,Z16,ongoing
ZONA,NYKU5622053,40,2024-02-13,2024-03-12,Bulanan,0,2,Z16,ongoing
ZONA,MSCU9903797,40,2024-02-14,2024-03-13,Bulanan,0,2,Z16,ongoing
ZONA,VGCU2886097,40,2024-02-14,2024-03-13,Bulanan,0,2,Z16,ongoing
ZONA,EGHU9005182,40,2024-03-13,2024-04-12,Bulanan,-378378,3,Z16,ongoing
ZONA,NYKU5622053,40,2024-03-13,2024-04-12,Bulanan,-378378,3,Z16,ongoing
ZONA,MSCU9903797,40,2024-03-14,2024-04-13,Bulanan,-378378,3,Z16,ongoing
ZONA,VGCU2886097,40,2024-03-14,2024-04-13,Bulanan,-378378,3,Z16,ongoing
ZONA,EGHU9005182,40,2024-04-13,2024-05-12,Bulanan,0,4,Z16,ongoing
ZONA,NYKU5622053,40,2024-04-13,2024-04-24,Harian,42042,4,Z16,ongoing
ZONA,MSCU9903797,40,2024-04-14,2024-04-25,Harian,0,4,Z16,ongoing
ZONA,VGCU2886097,40,2024-04-14,2024-05-13,Bulanan,0,4,Z16,ongoing
ZONA,EGHU9005182,40,2024-05-13,2024-06-12,Bulanan,0,5,Z16,ongoing
ZONA,VGCU2886097,40,2024-05-14,2024-06-13,Bulanan,0,5,Z16,ongoing
ZONA,EGHU9005182,40,2024-06-13,2024-07-12,Bulanan,0,6,Z16,ongoing
ZONA,VGCU2886097,40,2024-06-14,2024-07-13,Bulanan,0,6,Z16,ongoing
ZONA,EGHU9005182,40,2024-07-13,2024-08-12,Bulanan,0,7,Z16,ongoing
ZONA,VGCU2886097,40,2024-07-14,2024-08-13,Bulanan,0,7,Z16,ongoing
ZONA,EGHU9005182,40,2024-08-13,2024-09-12,Bulanan,0,8,Z16,ongoing
ZONA,VGCU2886097,40,2024-08-14,2024-08-30,Harian,0,8,Z16,ongoing
ZONA,EGHU9005182,40,2024-09-13,2024-10-12,Bulanan,0,9,Z16,ongoing
ZONA,EGHU9005182,40,2024-10-13,2024-11-12,Bulanan,0,10,Z16,ongoing
ZONA,EGHU9005182,40,2024-11-13,2024-12-06,Harian,42042,24,Z16,ongoing
ZONA,AMFU8640522,40,2024-01-15,2024-02-14,Bulanan,0,1,Z17,ongoing
ZONA,EISU9153844,40,2024-01-15,2024-02-14,Bulanan,0,1,Z17,ongoing
ZONA,GESU4838932,40,2024-01-15,2024-02-14,Bulanan,0,1,Z17,ongoing
ZONA,REGU5043662,40,2024-01-15,2024-02-14,Bulanan,0,1,Z17,ongoing
ZONA,AMFU8640522,40,2024-02-15,2024-03-14,Bulanan,0,2,Z17,ongoing
ZONA,EISU9153844,40,2024-02-15,2024-03-14,Bulanan,0,2,Z17,ongoing
ZONA,GESU4838932,40,2024-02-15,2024-03-14,Bulanan,0,2,Z17,ongoing
ZONA,REGU5043662,40,2024-02-15,2024-03-14,Bulanan,0,2,Z17,ongoing
ZONA,AMFU8640522,40,2024-03-15,2024-04-14,Bulanan,-378378,3,Z17,ongoing
ZONA,EISU9153844,40,2024-03-15,2024-04-14,Bulanan,-378378,3,Z17,ongoing
ZONA,GESU4838932,40,2024-03-15,2024-04-14,Bulanan,-378378,3,Z17,ongoing
ZONA,REGU5043662,40,2024-03-15,2024-04-14,Bulanan,-378378,3,Z17,ongoing
ZONA,AMFU8640522,40,2024-04-15,2024-04-24,Harian,0,4,Z17,ongoing
ZONA,EISU9153844,40,2024-04-15,2024-04-20,Harian,0,4,Z17,ongoing
ZONA,GESU4838932,40,2024-04-15,2024-05-14,Bulanan,0,4,Z17,ongoing
ZONA,REGU5043662,40,2024-04-15,2024-05-14,Bulanan,0,4,Z17,ongoing
ZONA,GESU4838932,40,2024-05-15,2024-06-14,Bulanan,0,5,Z17,ongoing
ZONA,REGU5043662,40,2024-05-15,2024-06-14,Bulanan,0,5,Z17,ongoing
ZONA,GESU4838932,40,2024-06-15,2024-07-14,Bulanan,0,6,Z17,ongoing
ZONA,REGU5043662,40,2024-06-15,2024-07-14,Bulanan,0,6,Z17,ongoing
ZONA,GESU4838932,40,2024-07-15,2024-08-14,Bulanan,0,7,Z17,ongoing
ZONA,REGU5043662,40,2024-07-15,2024-08-14,Bulanan,0,7,Z17,ongoing
ZONA,GESU4838932,40,2024-08-15,2024-09-14,Bulanan,0,8,Z17,ongoing
ZONA,REGU5043662,40,2024-08-15,2024-09-14,Bulanan,0,8,Z17,ongoing
ZONA,GESU4838932,40,2024-09-15,2024-10-14,Bulanan,0,9,Z17,ongoing
ZONA,REGU5043662,40,2024-09-15,2024-10-14,Bulanan,0,9,Z17,ongoing
ZONA,GESU4838932,40,2024-10-15,2024-11-14,Bulanan,0,10,Z17,ongoing
ZONA,REGU5043662,40,2024-10-15,2024-11-14,Bulanan,0,10,Z17,ongoing
ZONA,GESU4838932,40,2024-11-15,2024-12-04,Harian,0,11,Z17,ongoing
ZONA,REGU5043662,40,2024-11-15,2024-12-14,Bulanan,0,11,Z17,ongoing
ZONA,REGU5043662,40,2024-12-15,2024-12-21,Harian,0,12,Z17,ongoing
ZONA,GESU4689335,40,2024-01-16,2024-02-15,Bulanan,0,1,Z18,ongoing
ZONA,GESU4735831,40,2024-01-16,2024-02-15,Bulanan,0,1,Z18,ongoing
ZONA,GESU4896815,40,2024-01-16,2024-02-15,Bulanan,0,1,Z18,ongoing
ZONA,PCIU9765813,40,2024-01-16,2024-02-15,Bulanan,0,1,Z18,ongoing
ZONA,GESU4689335,40,2024-02-16,2024-03-15,Bulanan,0,2,Z18,ongoing
ZONA,GESU4735831,40,2024-02-16,2024-03-15,Bulanan,0,2,Z18,ongoing
ZONA,GESU4896815,40,2024-02-16,2024-03-15,Bulanan,0,2,Z18,ongoing
ZONA,PCIU9765813,40,2024-02-16,2024-03-15,Bulanan,0,2,Z18,ongoing
ZONA,GESU4689335,40,2024-03-16,2024-04-15,Bulanan,-378378,3,Z18,ongoing
ZONA,GESU4735831,40,2024-03-16,2024-04-15,Bulanan,-378378,3,Z18,ongoing
ZONA,GESU4896815,40,2024-03-16,2024-04-15,Bulanan,-378378,3,Z18,ongoing
ZONA,PCIU9765813,40,2024-03-16,2024-04-15,Bulanan,-378378,3,Z18,ongoing
ZONA,GESU4689335,40,2024-04-16,2024-04-24,Harian,0,4,Z18,ongoing
ZONA,GESU4735831,40,2024-04-16,2024-05-15,Bulanan,0,4,Z18,ongoing
ZONA,GESU4896815,40,2024-04-16,2024-05-15,Bulanan,0,4,Z18,ongoing
ZONA,PCIU9765813,40,2024-04-16,2024-04-25,Harian,0,4,Z18,ongoing
ZONA,GESU4735831,40,2024-05-16,2024-06-15,Bulanan,0,5,Z18,ongoing
ZONA,GESU4896815,40,2024-05-16,2024-06-15,Bulanan,0,5,Z18,ongoing
ZONA,GESU4735831,40,2024-06-16,2024-07-15,Bulanan,0,6,Z18,ongoing
ZONA,GESU4896815,40,2024-06-16,2024-07-15,Bulanan,0,6,Z18,ongoing
ZONA,GESU4735831,40,2024-07-16,2024-08-15,Bulanan,0,7,Z18,ongoing
ZONA,GESU4896815,40,2024-07-16,2024-08-15,Bulanan,0,7,Z18,ongoing
ZONA,GESU4735831,40,2024-08-16,2024-09-15,Bulanan,0,8,Z18,ongoing
ZONA,GESU4896815,40,2024-08-16,2024-09-15,Bulanan,0,8,Z18,ongoing
ZONA,GESU4735831,40,2024-09-16,2024-10-15,Bulanan,0,9,Z18,ongoing
ZONA,GESU4896815,40,2024-09-16,2024-10-15,Bulanan,0,9,Z18,ongoing
ZONA,GESU4735831,40,2024-10-16,2024-11-15,Bulanan,0,10,Z18,ongoing
ZONA,GESU4896815,40,2024-10-16,2024-11-15,Bulanan,0,10,Z18,ongoing
ZONA,GESU4735831,40,2024-11-16,2024-12-03,Harian,0,11,Z18,ongoing
ZONA,GESU4896815,40,2024-11-16,2024-12-15,Bulanan,0,11,Z18,ongoing
ZONA,GESU4896815,40,2024-12-16,2024-12-20,Harian,0,12,Z18,ongoing
ZONA,YELU5789666,40,2024-01-18,2024-02-17,Bulanan,0,1,Z20,ongoing
ZONA,YELU5789666,40,2024-02-18,2024-03-17,Bulanan,0,2,Z20,ongoing
ZONA,YELU5789666,40,2024-03-18,2024-04-17,Bulanan,-378378,3,Z20,ongoing
ZONA,YELU5789666,40,2024-04-18,2024-05-17,Bulanan,0,4,Z20,ongoing
ZONA,YELU5789666,40,2024-05-18,2024-06-17,Bulanan,0,5,Z20,ongoing
ZONA,YELU5789666,40,2024-06-18,2024-07-17,Bulanan,0,6,Z20,ongoing
ZONA,YELU5789666,40,2024-07-18,2024-08-17,Bulanan,0,7,Z20,ongoing
ZONA,YELU5789666,40,2024-08-18,2024-09-17,Bulanan,0,8,Z20,ongoing
ZONA,YELU5789666,40,2024-09-18,2024-10-17,Bulanan,0,9,Z20,ongoing
ZONA,YELU5789666,40,2024-10-18,2024-11-17,Bulanan,0,10,Z20,ongoing
ZONA,YELU5789666,40,2024-11-18,2024-12-03,Harian,0,11,Z20,ongoing
ZONA,CCLU7032547,40,2024-03-08,2024-04-07,Bulanan,-378378,1,Z23,ongoing
ZONA,CMAU1034669,20,2024-03-08,2024-04-07,Bulanan,0,1,Z23,ongoing
ZONA,CPSU1828517,20,2024-03-08,2024-04-07,Bulanan,0,1,Z23,ongoing
ZONA,CRSU1468543,20,2024-03-08,2024-04-07,Bulanan,0,1,Z23,ongoing
ZONA,CRXU3112086,20,2024-03-08,2024-04-07,Bulanan,0,1,Z23,ongoing
ZONA,DFSU2061565,20,2024-03-08,2024-04-07,Bulanan,0,1,Z23,ongoing
ZONA,FCIU2541302,20,2024-03-08,2024-04-07,Bulanan,0,1,Z23,ongoing
ZONA,GESU1345130,20,2024-03-08,2024-04-07,Bulanan,0,1,Z23,ongoing
ZONA,GESU1426103,20,2024-03-08,2024-04-07,Bulanan,0,1,Z23,ongoing
ZONA,GESU5114504,40,2024-03-08,2024-04-07,Bulanan,-378378,1,Z23,ongoing
ZONA,TGHU2383781,20,2024-03-08,2024-04-07,Bulanan,0,1,Z23,ongoing
ZONA,CCLU7032547,40,2024-04-08,2024-04-24,Harian,0,2,Z23,ongoing
ZONA,CMAU1034669,20,2024-04-08,2024-05-07,Bulanan,0,2,Z23,ongoing
ZONA,CPSU1828517,20,2024-04-08,2024-05-07,Bulanan,0,2,Z23,ongoing
ZONA,CRSU1468543,20,2024-04-08,2024-05-07,Bulanan,0,2,Z23,ongoing
ZONA,CRXU3112086,20,2024-04-08,2024-04-20,Harian,0,2,Z23,ongoing
ZONA,DFSU2061565,20,2024-04-08,2024-05-07,Bulanan,0,2,Z23,ongoing
ZONA,FCIU2541302,20,2024-04-08,2024-05-07,Bulanan,0,2,Z23,ongoing
ZONA,GESU1345130,20,2024-04-08,2024-05-07,Bulanan,0,2,Z23,ongoing
ZONA,GESU1426103,20,2024-04-08,2024-05-07,Bulanan,0,2,Z23,ongoing
ZONA,GESU5114504,40,2024-04-08,2024-05-07,Bulanan,0,2,Z23,ongoing
ZONA,TGHU2383781,20,2024-04-08,2024-05-07,Bulanan,0,2,Z23,ongoing
ZONA,CMAU1034669,20,2024-05-08,2024-06-07,Bulanan,0,3,Z23,ongoing
ZONA,CPSU1828517,20,2024-05-08,2024-06-07,Bulanan,0,3,Z23,ongoing
ZONA,CRSU1468543,20,2024-05-08,2024-06-07,Bulanan,0,3,Z23,ongoing
ZONA,DFSU2061565,20,2024-05-08,2024-06-07,Bulanan,0,3,Z23,ongoing
ZONA,FCIU2541302,20,2024-05-08,2024-06-07,Bulanan,0,3,Z23,ongoing
ZONA,GESU1345130,20,2024-05-08,2024-06-07,Bulanan,0,3,Z23,ongoing
ZONA,GESU1426103,20,2024-05-08,2024-06-07,Bulanan,0,3,Z23,ongoing
ZONA,GESU5114504,40,2024-05-08,2024-06-07,Bulanan,0,3,Z23,ongoing
ZONA,TGHU2383781,20,2024-05-08,2024-06-07,Bulanan,0,3,Z23,ongoing
ZONA,CMAU1034669,20,2024-06-08,2024-07-07,Bulanan,0,4,Z23,ongoing
ZONA,CPSU1828517,20,2024-06-08,2024-07-07,Bulanan,0,4,Z23,ongoing
ZONA,CRSU1468543,20,2024-06-08,2024-07-07,Bulanan,0,4,Z23,ongoing
ZONA,DFSU2061565,20,2024-06-08,2024-07-07,Bulanan,0,4,Z23,ongoing
ZONA,FCIU2541302,20,2024-06-08,2024-07-07,Bulanan,0,4,Z23,ongoing
ZONA,GESU1345130,20,2024-06-08,2024-07-07,Bulanan,0,4,Z23,ongoing
ZONA,GESU1426103,20,2024-06-08,2024-07-02,Harian,0,4,Z23,ongoing
ZONA,GESU5114504,40,2024-06-08,2024-07-07,Bulanan,0,4,Z23,ongoing
ZONA,TGHU2383781,20,2024-06-08,2024-07-02,Harian,0,4,Z23,ongoing
ZONA,CMAU1034669,20,2024-07-08,2024-07-29,Harian,0,5,Z23,ongoing
ZONA,CPSU1828517,20,2024-07-08,2024-07-28,Harian,0,5,Z23,ongoing
ZONA,CRSU1468543,20,2024-07-08,2024-07-28,Harian,0,5,Z23,ongoing
ZONA,DFSU2061565,20,2024-07-08,2024-07-18,Harian,0,5,Z23,ongoing
ZONA,FCIU2541302,20,2024-07-08,2024-07-28,Harian,0,5,Z23,ongoing
ZONA,GESU1345130,20,2024-07-08,2024-07-08,Harian,0,5,Z23,ongoing
ZONA,GESU5114504,40,2024-07-08,2024-08-07,Bulanan,0,5,Z23,ongoing
ZONA,GESU5114504,40,2024-08-08,2024-09-07,Bulanan,0,6,Z23,ongoing
ZONA,GESU5114504,40,2024-09-08,2024-10-07,Bulanan,0,7,Z23,ongoing
ZONA,GESU5114504,40,2024-10-08,2024-11-07,Bulanan,0,8,Z23,ongoing
ZONA,GESU5114504,40,2024-11-08,2024-12-07,Bulanan,0,9,Z23,ongoing
ZONA,GESU5114504,40,2024-12-08,2025-01-07,Bulanan,0,10,Z23,ongoing
ZONA,GESU5114504,40,2025-01-08,2025-02-07,Bulanan,0,11,Z23,ongoing
ZONA,GESU5114504,40,2025-02-08,2025-03-07,Bulanan,0,12,Z23,ongoing
ZONA,GESU5114504,40,2025-03-08,2025-04-07,Bulanan,-294294,13,Z23,ongoing
ZONA,GESU5114504,40,2025-04-08,2025-05-07,Bulanan,0,14,Z23,ongoing
ZONA,GESU5114504,40,2025-05-08,2025-06-07,Bulanan,0,15,Z23,ongoing
ZONA,GESU5114504,40,2025-06-08,2025-07-07,Bulanan,0,16,Z23,ongoing
ZONA,GESU5114504,40,2025-07-08,2025-08-07,Bulanan,0,17,Z23,ongoing
ZONA,GESU5114504,40,2025-08-08,2025-09-07,Bulanan,0,18,Z23,ongoing
ZONA,GESU5114504,40,2025-09-08,2025-09-24,Harian,0,19,Z23,ongoing
ZONA,BMOU4192536,40,2024-07-10,2024-08-09,Bulanan,0,2,Z04,ongoing
ZONA,BMOU4393401,40,2024-07-10,2024-08-09,Bulanan,0,2,Z04,ongoing
ZONA,BMOU4192536,40,2024-08-10,2024-09-09,Bulanan,0,3,Z04,ongoing
ZONA,BMOU4393401,40,2024-08-10,2024-08-28,Harian,0,3,Z04,ongoing
ZONA,BMOU4192536,40,2024-09-10,2024-10-09,Bulanan,0,4,Z04,ongoing
ZONA,BMOU4192536,40,2024-10-10,2024-11-09,Bulanan,0,5,Z04,ongoing
ZONA,BMOU4192536,40,2024-11-10,2024-12-09,Bulanan,0,6,Z04,ongoing
ZONA,BMOU4192536,40,2024-12-10,2025-01-09,Bulanan,0,7,Z04,ongoing
ZONA,BMOU4192536,40,2025-01-10,2025-02-09,Bulanan,0,8,Z04,ongoing
ZONA,BMOU4192536,40,2025-02-10,2025-03-09,Bulanan,0,9,Z04,ongoing
ZONA,BMOU4192536,40,2025-03-10,2025-04-09,Bulanan,-294294,10,Z04,ongoing
ZONA,BMOU4192536,40,2025-04-10,2025-05-09,Bulanan,0,11,Z04,ongoing
ZONA,BMOU4192536,40,2025-05-10,2025-06-09,Bulanan,0,12,Z04,ongoing
ZONA,BMOU4192536,40,2025-06-10,2025-07-09,Bulanan,0,13,Z04,ongoing
ZONA,BMOU4192536,40,2025-07-10,2025-08-09,Bulanan,0,14,Z04,ongoing
ZONA,BMOU4192536,40,2025-08-10,2025-09-09,Bulanan,0,15,Z04,ongoing
ZONA,BMOU4192536,40,2025-09-10,2025-09-24,Harian,0,16,Z04,ongoing
ZONA,MSKU4555445,40,2024-07-14,2024-08-13,Bulanan,0,2,Z06,ongoing
ZONA,TEXU5531307,40,2024-07-14,2024-08-13,Bulanan,0,2,Z06,ongoing
ZONA,MSKU4555445,40,2024-08-14,2024-09-13,Bulanan,0,3,Z06,ongoing
ZONA,TEXU5531307,40,2024-08-14,2024-09-13,Bulanan,0,3,Z06,ongoing
ZONA,MSKU4555445,40,2024-09-14,2024-10-13,Bulanan,0,4,Z06,ongoing
ZONA,TEXU5531307,40,2024-09-14,2024-10-13,Bulanan,0,4,Z06,ongoing
ZONA,MSKU4555445,40,2024-10-14,2024-11-13,Bulanan,0,5,Z06,ongoing
ZONA,TEXU5531307,40,2024-10-14,2024-11-13,Bulanan,0,5,Z06,ongoing
ZONA,MSKU4555445,40,2024-11-14,2024-12-13,Bulanan,0,6,Z06,ongoing
ZONA,TEXU5531307,40,2024-11-14,2024-12-13,Bulanan,0,6,Z06,ongoing
ZONA,MSKU4555445,40,2024-12-14,2025-01-13,Bulanan,0,7,Z06,ongoing
ZONA,TEXU5531307,40,2024-12-14,2024-12-20,Harian,42042,7,Z06,ongoing
ZONA,MSKU4555445,40,2025-01-14,2025-02-13,Bulanan,0,8,Z06,ongoing
ZONA,MSKU4555445,40,2025-02-14,2025-03-13,Bulanan,0,9,Z06,ongoing
ZONA,MSKU4555445,40,2025-03-14,2025-04-13,Bulanan,-294294,10,Z06,ongoing
ZONA,MSKU4555445,40,2025-04-14,2025-05-13,Bulanan,0,11,Z06,ongoing
ZONA,MSKU4555445,40,2025-05-14,2025-06-13,Bulanan,0,12,Z06,ongoing
ZONA,MSKU4555445,40,2025-06-14,2025-07-13,Bulanan,0,13,Z06,ongoing
ZONA,MSKU4555445,40,2025-07-14,2025-08-13,Bulanan,0,14,Z06,ongoing
ZONA,MSKU4555445,40,2025-08-14,2025-09-13,Bulanan,0,15,Z06,ongoing
ZONA,MSKU4555445,40,2025-09-14,2025-09-24,Harian,0,16,Z06,ongoing
ZONA,INKU6744298,40,2024-08-05,2024-09-04,Bulanan,0,2,Z01,ongoing
ZONA,INKU6744298,40,2024-09-05,2024-10-04,Bulanan,0,3,Z01,ongoing
ZONA,INKU6744298,40,2024-10-05,2024-11-04,Bulanan,0,4,Z01,ongoing
ZONA,INKU6744298,40,2024-11-05,2024-12-04,Bulanan,0,5,Z01,ongoing
ZONA,INKU6744298,40,2024-12-05,2024-12-24,Harian,0,6,Z01,ongoing
ZONA,MSCU7085120,40,2024-08-06,2024-09-05,Bulanan,0,2,Z02,ongoing
ZONA,TEXU7210230,40,2024-08-06,2024-09-05,Bulanan,0,2,Z02,ongoing
ZONA,XXXU9902224,40,2024-08-06,2024-09-05,Bulanan,0,2,Z02,ongoing
ZONA,MSCU7085120,40,2024-09-06,2024-10-05,Bulanan,0,3,Z02,ongoing
ZONA,TEXU7210230,40,2024-09-06,2024-10-05,Bulanan,0,3,Z02,ongoing
ZONA,XXXU9902224,40,2024-09-06,2024-10-05,Bulanan,0,3,Z02,ongoing
ZONA,MSCU7085120,40,2024-10-06,2024-11-05,Bulanan,0,4,Z02,ongoing
ZONA,TEXU7210230,40,2024-10-06,2024-11-05,Bulanan,0,4,Z02,ongoing
ZONA,XXXU9902224,40,2024-10-06,2024-11-05,Bulanan,0,4,Z02,ongoing
ZONA,MSCU7085120,40,2024-11-06,2024-12-05,Bulanan,0,5,Z02,ongoing
ZONA,TEXU7210230,40,2024-11-06,2024-12-05,Bulanan,0,5,Z02,ongoing
ZONA,XXXU9902224,40,2024-11-06,2024-12-05,Bulanan,0,5,Z02,ongoing
ZONA,MSCU7085120,40,2024-12-06,2024-12-10,Harian,0,6,Z02,ongoing
ZONA,TEXU7210230,40,2024-12-06,2025-01-05,Bulanan,0,6,Z02,ongoing
ZONA,XXXU9902224,40,2024-12-06,2025-01-04,Bulanan,0,6,Z02,ongoing
ZONA,TEXU7210230,40,2025-01-06,2025-02-05,Bulanan,0,7,Z02,ongoing
ZONA,TEXU7210230,40,2025-02-06,2025-03-05,Bulanan,0,8,Z02,ongoing
ZONA,TEXU7210230,40,2025-03-06,2025-04-05,Bulanan,-210210,9,Z02,ongoing
ZONA,TEXU7210230,40,2025-04-06,2025-05-05,Bulanan,-84084,10,Z02,ongoing
ZONA,TEXU7210230,40,2025-05-06,2025-06-05,Bulanan,0,11,Z02,ongoing
ZONA,TEXU7210230,40,2025-06-06,2025-07-05,Bulanan,0,12,Z02,ongoing
ZONA,TEXU7210230,40,2025-07-06,2025-07-25,Harian,42042,13,Z02,ongoing
ZONA,PCIU9765813,40,2024-07-08,2024-08-07,Bulanan,0,1,Z15,ongoing
ZONA,TGHU9508962,40,2024-07-09,2024-08-08,Bulanan,0,1,Z15,ongoing
ZONA,NYKU5515880,40,2024-07-10,2024-08-09,Bulanan,0,1,Z15,ongoing
ZONA,PONU7225703,40,2024-07-09,2024-08-08,Bulanan,0,1,Z15,ongoing
ZONA,PCIU9765813,40,2024-08-08,2024-09-07,Bulanan,0,2,Z15,ongoing
ZONA,TGHU9508962,40,2024-08-09,2024-09-08,Bulanan,0,2,Z15,ongoing
ZONA,NYKU5515880,40,2024-08-10,2024-09-09,Bulanan,0,2,Z15,ongoing
ZONA,PONU7225703,40,2024-08-10,2024-09-09,Bulanan,0,2,Z15,ongoing
ZONA,PCIU9765813,40,2024-09-08,2024-10-07,Bulanan,0,3,Z15,ongoing
ZONA,TGHU9508962,40,2024-09-09,2024-10-08,Bulanan,0,3,Z15,ongoing
ZONA,NYKU5515880,40,2024-09-10,2024-10-09,Bulanan,0,3,Z15,ongoing
ZONA,PONU7225703,40,2024-09-10,2024-10-09,Bulanan,0,3,Z15,ongoing
ZONA,PCIU9765813,40,2024-10-08,2024-11-07,Bulanan,0,4,Z15,ongoing
ZONA,TGHU9508962,40,2024-10-09,2024-11-08,Bulanan,0,4,Z15,ongoing
ZONA,NYKU5515880,40,2024-10-10,2024-11-09,Bulanan,0,4,Z15,ongoing
ZONA,PONU7225703,40,2024-10-10,2024-11-09,Bulanan,0,4,Z15,ongoing
ZONA,PCIU9765813,40,2024-11-08,2024-12-05,Harian,0,5,Z15,ongoing
ZONA,TGHU9508962,40,2024-11-09,2024-12-09,Bulanan,0,5,Z15,ongoing
ZONA,NYKU5515880,40,2024-11-10,2024-12-09,Bulanan,0,5,Z15,ongoing
ZONA,PONU7225703,40,2024-11-09,2024-12-03,Harian,0,5,Z15,ongoing
ZONA,DNAU2622206,20,2025-01-11,2025-02-10,Bulanan,0,2,Z27,ongoing
ZONA,DNAU2622206,20,2025-02-11,2025-03-10,Bulanan,0,3,Z27,ongoing
ZONA,DNAU2622206,20,2025-03-11,2025-04-07,Harian,-360361,4,Z27,ongoing
ZONA,EMSU9871692,40,2025-01-07,2025-02-06,Bulanan,0,1,Z43,ongoing
ZONA,EMSU9871692,40,2025-02-07,2025-03-06,Bulanan,0,2,Z43,ongoing
ZONA,EMSU9871692,40,2025-03-07,2025-04-06,Bulanan,-252252,3,Z43,ongoing
ZONA,EMSU9871692,40,2025-04-07,2025-05-06,Bulanan,-294294,4,Z43,ongoing
ZONA,EMSU9871692,40,2025-05-07,2025-06-06,Bulanan,0,5,Z43,ongoing
ZONA,EMSU9871692,40,2025-06-07,2025-07-06,Bulanan,0,6,Z43,ongoing
ZONA,EMSU9871692,40,2025-07-07,2025-07-23,Harian,0,17,Z43,ongoing
ZONA,APZU3960241,20,2025-01-21,2025-02-20,Bulanan,0,1,Z53,ongoing
ZONA,CBHU4034438,20,2025-01-21,2025-02-20,Bulanan,0,1,Z53,ongoing
ZONA,CLHU3586854,20,2025-01-21,2025-02-20,Bulanan,0,1,Z53,ongoing
ZONA,CXDU1108921,20,2025-01-21,2025-02-20,Bulanan,0,1,Z53,ongoing
ZONA,CXDU1212730,20,2025-01-21,2025-02-20,Bulanan,0,1,Z53,ongoing
ZONA,DFSU2296934,20,2025-01-21,2025-02-20,Bulanan,0,1,Z53,ongoing
ZONA,GATU1019864,20,2025-01-21,2025-02-20,Bulanan,0,1,Z53,ongoing
ZONA,GESU1386736,20,2025-01-21,2025-02-20,Bulanan,0,1,Z53,ongoing
ZONA,GESU1449670,20,2025-01-21,2025-02-20,Bulanan,0,1,Z53,ongoing
ZONA,HALU3509311,20,2025-01-21,2025-02-20,Bulanan,0,1,Z53,ongoing
ZONA,ILSU2019602,20,2025-01-21,2025-02-20,Bulanan,0,1,Z53,ongoing
ZONA,MSCU3213686,20,2025-01-21,2025-02-20,Bulanan,0,1,Z53,ongoing
ZONA,TEMU2353770,20,2025-01-21,2025-02-20,Bulanan,0,1,Z53,ongoing
ZONA,TGHU1246275,20,2025-01-21,2025-02-20,Bulanan,0,1,Z53,ongoing
ZONA,TGHU3222626,20,2025-01-21,2025-02-20,Bulanan,0,1,Z53,ongoing
ZONA,APZU3960241,20,2025-02-21,2025-03-20,Bulanan,0,2,Z53,ongoing
ZONA,CBHU4034438,20,2025-02-21,2025-03-20,Bulanan,0,2,Z53,ongoing
ZONA,CLHU3586854,20,2025-02-21,2025-03-20,Bulanan,0,2,Z53,ongoing
ZONA,CXDU1108921,20,2025-02-21,2025-03-20,Bulanan,0,2,Z53,ongoing
ZONA,CXDU1212730,20,2025-02-21,2025-03-20,Bulanan,0,2,Z53,ongoing
ZONA,DFSU2296934,20,2025-02-21,2025-03-20,Bulanan,0,2,Z53,ongoing
ZONA,GATU1019864,20,2025-02-21,2025-03-20,Bulanan,0,2,Z53,ongoing
ZONA,GESU1386736,20,2025-02-21,2025-03-20,Bulanan,0,2,Z53,ongoing
ZONA,GESU1449670,20,2025-02-21,2025-03-20,Bulanan,0,2,Z53,ongoing
ZONA,HALU3509311,20,2025-02-21,2025-03-20,Bulanan,0,2,Z53,ongoing
ZONA,ILSU2019602,20,2025-02-21,2025-03-20,Bulanan,0,2,Z53,ongoing
ZONA,MSCU3213686,20,2025-02-21,2025-03-20,Bulanan,0,2,Z53,ongoing
ZONA,TEMU2353770,20,2025-02-21,2025-03-20,Bulanan,0,2,Z53,ongoing
ZONA,TGHU1246275,20,2025-02-21,2025-03-20,Bulanan,0,2,Z53,ongoing
ZONA,TGHU3222626,20,2025-02-21,2025-03-20,Bulanan,0,2,Z53,ongoing
ZONA,APZU3960241,20,2025-03-21,2025-04-20,Bulanan,-337838,3,Z53,ongoing
ZONA,CBHU4034438,20,2025-03-21,2025-04-20,Bulanan,-337838,3,Z53,ongoing
ZONA,CLHU3586854,20,2025-03-21,2025-04-07,Harian,-360361,3,Z53,ongoing
ZONA,CXDU1108921,20,2025-03-21,2025-04-08,Harian,-360361,3,Z53,ongoing
ZONA,CXDU1212730,20,2025-03-21,2025-04-20,Bulanan,-337838,3,Z53,ongoing
ZONA,DFSU2296934,20,2025-03-21,2025-04-07,Harian,-360361,3,Z53,ongoing
ZONA,GATU1019864,20,2025-03-21,2025-04-20,Bulanan,-337838,3,Z53,ongoing
ZONA,GESU1386736,20,2025-03-21,2025-04-20,Bulanan,-337838,3,Z53,ongoing
ZONA,GESU1449670,20,2025-03-21,2025-04-07,Harian,-360361,3,Z53,ongoing
ZONA,HALU3509311,20,2025-03-21,2025-04-20,Bulanan,-337838,3,Z53,ongoing
ZONA,ILSU2019602,20,2025-03-21,2025-04-07,Harian,-360361,3,Z53,ongoing
ZONA,MSCU3213686,20,2025-03-21,2025-04-08,Harian,-360361,3,Z53,ongoing
ZONA,TEMU2353770,20,2025-03-21,2025-04-07,Harian,-360361,3,Z53,ongoing
ZONA,TGHU1246275,20,2025-03-21,2025-04-20,Bulanan,-337838,3,Z53,ongoing
ZONA,TGHU3222626,20,2025-03-21,2025-04-08,Harian,-360361,3,Z53,ongoing
ZONA,APZU3960241,20,2025-04-21,2025-05-20,Bulanan,0,4,Z53,ongoing
ZONA,CBHU4034438,20,2025-04-21,2025-05-20,Bulanan,0,4,Z53,ongoing
ZONA,CXDU1212730,20,2025-04-21,2025-05-20,Bulanan,0,4,Z53,ongoing
ZONA,GATU1019864,20,2025-04-21,2025-05-20,Bulanan,0,4,Z53,ongoing
ZONA,GESU1386736,20,2025-04-21,2025-05-20,Bulanan,0,4,Z53,ongoing
ZONA,HALU3509311,20,2025-04-21,2025-05-20,Bulanan,0,4,Z53,ongoing
ZONA,TGHU1246275,20,2025-04-21,2025-05-20,Bulanan,0,4,Z53,ongoing
ZONA,APZU3960241,20,2025-05-21,2025-05-25,Harian,0,5,Z53,ongoing
ZONA,CBHU4034438,20,2025-05-21,2025-06-01,Harian,0,5,Z53,ongoing
ZONA,CXDU1212730,20,2025-05-21,2025-06-18,Harian,-22523,5,Z53,ongoing
ZONA,GATU1019864,20,2025-05-21,2025-06-17,Harian,0,5,Z53,ongoing
ZONA,GESU1386736,20,2025-05-21,2025-06-04,Harian,22523,5,Z53,ongoing
ZONA,HALU3509311,20,2025-05-21,2025-05-26,Harian,0,5,Z53,ongoing
ZONA,TGHU1246275,20,2025-05-21,2025-06-13,Harian,0,5,Z53,ongoing
ZONA,BMOU4013060,20,2025-01-22,2025-02-21,Bulanan,0,1,Z52,ongoing
ZONA,BMOU4013585,20,2025-01-22,2025-02-21,Bulanan,0,1,Z52,ongoing
ZONA,BMOU4153139,20,2025-01-22,2025-02-21,Bulanan,0,1,Z52,ongoing
ZONA,BMOU4175420,20,2025-01-22,2025-02-21,Bulanan,0,1,Z52,ongoing
ZONA,CCLU7119138,20,2025-01-22,2025-02-21,Bulanan,0,1,Z52,ongoing
ZONA,CLHU3602235,20,2025-01-22,2025-02-21,Bulanan,0,1,Z52,ongoing
ZONA,GESU3600488,20,2025-01-22,2025-02-21,Bulanan,0,1,Z52,ongoing
ZONA,GLDU7252828,20,2025-01-22,2025-02-21,Bulanan,0,1,Z52,ongoing
ZONA,MOTU0745549,20,2025-01-22,2025-02-21,Bulanan,0,1,Z52,ongoing
ZONA,MOTU0745826,20,2025-01-22,2025-02-21,Bulanan,0,1,Z52,ongoing
ZONA,PCIU9358763,20,2025-01-22,2025-02-21,Bulanan,0,1,Z52,ongoing
ZONA,SCMU2082204,20,2025-01-22,2025-02-21,Bulanan,0,1,Z52,ongoing
ZONA,SEGU1003148,20,2025-01-22,2025-02-21,Bulanan,0,1,Z52,ongoing
ZONA,TEMU2666500,20,2025-01-22,2025-02-21,Bulanan,0,1,Z52,ongoing
ZONA,WHLU0323766,20,2025-01-22,2025-02-21,Bulanan,0,1,Z52,ongoing
ZONA,ZONA1910749,20,2025-01-22,2025-02-21,Bulanan,0,1,Z52,ongoing
ZONA,ZONA2004243,20,2025-01-22,2025-02-21,Bulanan,0,1,Z52,ongoing
ZONA,ZONA2807583,20,2025-01-22,2025-02-21,Bulanan,0,1,Z52,ongoing
ZONA,ZONA2862339,20,2025-01-22,2025-02-21,Bulanan,0,1,Z52,ongoing
ZONA,ZONA2875892,20,2025-01-22,2025-02-21,Bulanan,0,1,Z52,ongoing
ZONA,ZONA5229290,20,2025-01-22,2025-02-21,Bulanan,0,1,Z52,ongoing
ZONA,ZONA8075928,20,2025-01-22,2025-02-21,Bulanan,0,1,Z52,ongoing
ZONA,ZONA9017621,20,2025-01-22,2025-02-21,Bulanan,0,1,Z52,ongoing
ZONA,BMOU4013060,20,2025-02-22,2025-03-19,Harian,0,2,Z52,ongoing
ZONA,BMOU4013585,20,2025-02-22,2025-03-07,Harian,0,2,Z52,ongoing
ZONA,BMOU4153139,20,2025-02-22,2025-03-21,Bulanan,0,2,Z52,ongoing
ZONA,BMOU4175420,20,2025-02-22,2025-03-21,Bulanan,0,2,Z52,ongoing
ZONA,CCLU7119138,20,2025-02-22,2025-03-07,Harian,0,2,Z52,ongoing
ZONA,CLHU3602235,20,2025-02-22,2025-03-21,Bulanan,0,2,Z52,ongoing
ZONA,GESU3600488,20,2025-02-22,2025-03-21,Bulanan,0,2,Z52,ongoing
ZONA,GLDU7252828,20,2025-02-22,2025-03-21,Bulanan,0,2,Z52,ongoing
ZONA,MOTU0745549,20,2025-02-22,2025-03-21,Bulanan,0,2,Z52,ongoing
ZONA,MOTU0745826,20,2025-02-22,2025-03-21,Bulanan,0,2,Z52,ongoing
ZONA,PCIU9358763,20,2025-02-22,2025-03-21,Bulanan,0,2,Z52,ongoing
ZONA,SCMU2082204,20,2025-02-22,2025-03-21,Bulanan,0,2,Z52,ongoing
ZONA,SEGU1003148,20,2025-02-22,2025-03-21,Bulanan,0,2,Z52,ongoing
ZONA,TEMU2666500,20,2025-02-22,2025-03-21,Bulanan,0,2,Z52,ongoing
ZONA,WHLU0323766,20,2025-02-22,2025-03-21,Bulanan,0,2,Z52,ongoing
ZONA,ZONA1910749,20,2025-02-22,2025-03-21,Bulanan,0,2,Z52,ongoing
ZONA,ZONA2004243,20,2025-02-22,2025-03-21,Bulanan,0,2,Z52,ongoing
ZONA,ZONA2807583,20,2025-02-22,2025-03-21,Bulanan,0,2,Z52,ongoing
ZONA,ZONA2862339,20,2025-02-22,2025-03-21,Bulanan,0,2,Z52,ongoing
ZONA,ZONA2875892,20,2025-02-22,2025-03-21,Bulanan,0,2,Z52,ongoing
ZONA,ZONA5229290,20,2025-02-22,2025-03-21,Bulanan,0,2,Z52,ongoing
ZONA,ZONA8075928,20,2025-02-22,2025-03-19,Harian,0,2,Z52,ongoing
ZONA,ZONA9017621,20,2025-02-22,2025-03-21,Bulanan,0,2,Z52,ongoing
ZONA,BMOU4153139,20,2025-03-22,2025-04-21,Bulanan,-337838,3,Z52,ongoing
ZONA,BMOU4175420,20,2025-03-22,2025-04-07,Harian,0,3,Z52,ongoing
ZONA,CLHU3602235,20,2025-03-22,2025-04-08,Harian,-360361,3,Z52,ongoing
ZONA,GESU3600488,20,2025-03-22,2025-04-21,Bulanan,-337838,3,Z52,ongoing
ZONA,GLDU7252828,20,2025-03-22,2025-04-07,Harian,-360361,3,Z52,ongoing
ZONA,MOTU0745549,20,2025-03-22,2025-04-21,Bulanan,-337838,3,Z52,ongoing
ZONA,MOTU0745826,20,2025-03-22,2025-04-07,Harian,0,3,Z52,ongoing
ZONA,PCIU9358763,20,2025-03-22,2025-04-07,Harian,-360361,3,Z52,ongoing
ZONA,SCMU2082204,20,2025-03-22,2025-04-21,Bulanan,-337838,3,Z52,ongoing
ZONA,SEGU1003148,20,2025-03-22,2025-04-21,Bulanan,-337838,3,Z52,ongoing
ZONA,TEMU2666500,20,2025-03-22,2025-04-21,Bulanan,-337838,3,Z52,ongoing
ZONA,WHLU0323766,20,2025-03-22,2025-04-21,Bulanan,-337838,3,Z52,ongoing
ZONA,ZONA1910749,20,2025-03-22,2025-04-07,Harian,-360361,3,Z52,ongoing
ZONA,ZONA2004243,20,2025-03-22,2025-04-07,Harian,-360361,3,Z52,ongoing
ZONA,ZONA2807583,20,2025-03-22,2025-04-08,Harian,-360361,3,Z52,ongoing
ZONA,ZONA2862339,20,2025-03-22,2025-04-07,Harian,-360361,3,Z52,ongoing
ZONA,ZONA2875892,20,2025-03-22,2025-04-08,Harian,-360361,3,Z52,ongoing
ZONA,ZONA5229290,20,2025-03-22,2025-04-08,Harian,0,3,Z52,ongoing
ZONA,ZONA9017621,20,2025-03-22,2025-04-21,Bulanan,-337838,3,Z52,ongoing
ZONA,BMOU4153139,20,2025-04-22,2025-05-21,Bulanan,0,4,Z52,ongoing
ZONA,GESU3600488,20,2025-04-22,2025-05-21,Bulanan,0,4,Z52,ongoing
ZONA,MOTU0745549,20,2025-04-22,2025-05-06,Harian,0,4,Z52,ongoing
ZONA,SCMU2082204,20,2025-04-22,2025-05-21,Bulanan,0,4,Z52,ongoing
ZONA,SEGU1003148,20,2025-04-22,2025-05-21,Bulanan,0,4,Z52,ongoing
ZONA,TEMU2666500,20,2025-04-22,2025-05-21,Bulanan,0,4,Z52,ongoing
ZONA,WHLU0323766,20,2025-04-22,2025-05-21,Bulanan,0,4,Z52,ongoing
ZONA,ZONA9017621,20,2025-04-22,2025-05-05,Harian,0,4,Z52,ongoing
ZONA,BMOU4153139,20,2025-05-22,2025-05-23,Harian,0,5,Z52,ongoing
ZONA,GESU3600488,20,2025-05-22,2025-06-01,Harian,0,5,Z52,ongoing
ZONA,SCMU2082204,20,2025-05-22,2025-06-21,Bulanan,0,5,Z52,ongoing
ZONA,SEGU1003148,20,2025-05-22,2025-05-31,Harian,0,5,Z52,ongoing
ZONA,TEMU2666500,20,2025-05-22,2025-05-26,Harian,0,5,Z52,ongoing
ZONA,WHLU0323766,20,2025-05-22,2025-06-21,Bulanan,0,5,Z52,ongoing
ZONA,SCMU2082204,20,2025-06-22,2025-07-05,Harian,0,6,Z52,ongoing
ZONA,WHLU0323766,20,2025-06-22,2025-07-07,Harian,0,6,Z52,ongoing
ZONA,BMOU2474612,20,2025-01-23,2025-02-22,Bulanan,0,1,Z51,ongoing
ZONA,BSIU2946381,20,2025-01-23,2025-02-22,Bulanan,0,1,Z51,ongoing
ZONA,CAIU3184330,20,2025-01-23,2025-02-22,Bulanan,0,1,Z51,ongoing
ZONA,CBHU5841917,20,2025-01-23,2025-02-22,Bulanan,0,1,Z51,ongoing
ZONA,EGSU3109943,20,2025-01-23,2025-02-22,Bulanan,0,1,Z51,ongoing
ZONA,EISU2194517,20,2025-01-23,2025-02-22,Bulanan,0,1,Z51,ongoing
ZONA,EISU2254616,20,2025-01-23,2025-02-22,Bulanan,0,1,Z51,ongoing
ZONA,EISU3944703,20,2025-01-23,2025-02-22,Bulanan,0,1,Z51,ongoing
ZONA,EMCU6006826,20,2025-01-23,2025-02-22,Bulanan,0,1,Z51,ongoing
ZONA,EMCU6009872,20,2025-01-23,2025-02-22,Bulanan,0,1,Z51,ongoing
ZONA,EMCU6045503,20,2025-01-23,2025-02-22,Bulanan,0,1,Z51,ongoing
ZONA,EMCU6063235,20,2025-01-23,2025-02-22,Bulanan,0,1,Z51,ongoing
ZONA,UGMU8580456,20,2025-01-23,2025-02-22,Bulanan,0,1,Z51,ongoing
ZONA,WFHU1240962,20,2025-01-23,2025-02-22,Bulanan,0,1,Z51,ongoing
ZONA,WHLU0215910,20,2025-01-23,2025-02-22,Bulanan,0,1,Z51,ongoing
ZONA,WHLU0268015,20,2025-01-23,2025-02-22,Bulanan,0,1,Z51,ongoing
ZONA,WHLU0273177,20,2025-01-23,2025-02-22,Bulanan,0,1,Z51,ongoing
ZONA,WHLU0300903,20,2025-01-23,2025-02-22,Bulanan,0,1,Z51,ongoing
ZONA,WHLU0319684,20,2025-01-23,2025-02-22,Bulanan,0,1,Z51,ongoing
ZONA,WHLU0321315,20,2025-01-23,2025-02-22,Bulanan,0,1,Z51,ongoing
ZONA,WHLU0322899,20,2025-01-23,2025-02-22,Bulanan,0,1,Z51,ongoing
ZONA,WHLU0330050,20,2025-01-23,2025-02-22,Bulanan,0,1,Z51,ongoing
ZONA,WHLU0343593,20,2025-01-23,2025-02-22,Bulanan,0,1,Z51,ongoing
ZONA,WHLU0352189,20,2025-01-23,2025-02-22,Bulanan,0,1,Z51,ongoing
ZONA,WHLU0359120,20,2025-01-23,2025-02-22,Bulanan,0,1,Z51,ongoing
ZONA,BMOU2474612,20,2025-02-23,2025-03-22,Bulanan,0,2,Z51,ongoing
ZONA,BSIU2946381,20,2025-02-23,2025-03-22,Bulanan,0,2,Z51,ongoing
ZONA,CAIU3184330,20,2025-02-23,2025-03-22,Bulanan,0,2,Z51,ongoing
ZONA,CBHU5841917,20,2025-02-23,2025-03-22,Bulanan,0,2,Z51,ongoing
ZONA,EGSU3109943,20,2025-02-23,2025-03-22,Bulanan,0,2,Z51,ongoing
ZONA,EISU2194517,20,2025-02-23,2025-03-22,Bulanan,0,2,Z51,ongoing
ZONA,EISU2254616,20,2025-02-23,2025-03-22,Bulanan,0,2,Z51,ongoing
ZONA,EISU3944703,20,2025-02-23,2025-03-22,Bulanan,0,2,Z51,ongoing
ZONA,EMCU6006826,20,2025-02-23,2025-03-22,Bulanan,0,2,Z51,ongoing
ZONA,EMCU6009872,20,2025-02-23,2025-03-22,Bulanan,0,2,Z51,ongoing
ZONA,EMCU6045503,20,2025-02-23,2025-03-22,Bulanan,0,2,Z51,ongoing
ZONA,EMCU6063235,20,2025-02-23,2025-03-22,Bulanan,0,2,Z51,ongoing
ZONA,UGMU8580456,20,2025-02-23,2025-03-22,Bulanan,0,2,Z51,ongoing
ZONA,WFHU1240962,20,2025-02-23,2025-03-22,Bulanan,0,2,Z51,ongoing
ZONA,WHLU0215910,20,2025-02-23,2025-03-22,Bulanan,0,2,Z51,ongoing
ZONA,WHLU0268015,20,2025-02-23,2025-03-22,Bulanan,0,2,Z51,ongoing
ZONA,WHLU0273177,20,2025-02-23,2025-03-22,Bulanan,0,2,Z51,ongoing
ZONA,WHLU0300903,20,2025-02-23,2025-03-22,Bulanan,0,2,Z51,ongoing
ZONA,WHLU0319684,20,2025-02-23,2025-03-22,Bulanan,0,2,Z51,ongoing
ZONA,WHLU0321315,20,2025-02-23,2025-03-22,Bulanan,0,2,Z51,ongoing
ZONA,WHLU0322899,20,2025-02-23,2025-03-22,Bulanan,0,2,Z51,ongoing
ZONA,WHLU0330050,20,2025-02-23,2025-03-22,Bulanan,0,2,Z51,ongoing
ZONA,WHLU0343593,20,2025-02-23,2025-03-22,Bulanan,0,2,Z51,ongoing
ZONA,WHLU0352189,20,2025-02-23,2025-03-22,Bulanan,0,2,Z51,ongoing
ZONA,WHLU0359120,20,2025-02-23,2025-03-22,Bulanan,0,2,Z51,ongoing
ZONA,BMOU2474612,20,2025-03-23,2025-04-22,Bulanan,-337838,3,Z51,ongoing
ZONA,BSIU2946381,20,2025-03-23,2025-04-22,Bulanan,-337838,3,Z51,ongoing
ZONA,CAIU3184330,20,2025-03-23,2025-04-22,Bulanan,-337838,3,Z51,ongoing
ZONA,CBHU5841917,20,2025-03-23,2025-04-22,Bulanan,-337838,3,Z51,ongoing
ZONA,EGSU3109943,20,2025-03-23,2025-04-22,Bulanan,-337838,3,Z51,ongoing
ZONA,EISU2194517,20,2025-03-23,2025-04-22,Bulanan,-337838,3,Z51,ongoing
ZONA,EISU2254616,20,2025-03-23,2025-04-22,Bulanan,-337838,3,Z51,ongoing
ZONA,EISU3944703,20,2025-03-23,2025-04-22,Bulanan,-337838,3,Z51,ongoing
ZONA,EMCU6006826,20,2025-03-23,2025-04-08,Harian,-360361,3,Z51,ongoing
ZONA,EMCU6009872,20,2025-03-23,2025-04-08,Harian,-360361,3,Z51,ongoing
ZONA,EMCU6045503,20,2025-03-23,2025-04-07,Harian,0,3,Z51,ongoing
ZONA,EMCU6063235,20,2025-03-23,2025-04-22,Bulanan,-337838,3,Z51,ongoing
ZONA,UGMU8580456,20,2025-03-23,2025-04-08,Harian,-337838,3,Z51,ongoing
ZONA,WFHU1240962,20,2025-03-23,2025-04-22,Bulanan,-337838,3,Z51,ongoing
ZONA,WHLU0215910,20,2025-03-23,2025-04-22,Bulanan,-337838,3,Z51,ongoing
ZONA,WHLU0268015,20,2025-03-23,2025-04-22,Bulanan,-337838,3,Z51,ongoing
ZONA,WHLU0273177,20,2025-03-23,2025-04-07,Harian,0,3,Z51,ongoing
ZONA,WHLU0300903,20,2025-03-23,2025-04-22,Bulanan,-337838,3,Z51,ongoing
ZONA,WHLU0319684,20,2025-03-23,2025-04-22,Bulanan,-337838,3,Z51,ongoing
ZONA,WHLU0321315,20,2025-03-23,2025-04-22,Bulanan,-337838,3,Z51,ongoing
ZONA,WHLU0322899,20,2025-03-23,2025-04-08,Harian,-360361,3,Z51,ongoing
ZONA,WHLU0330050,20,2025-03-23,2025-04-07,Harian,0,3,Z51,ongoing
ZONA,WHLU0343593,20,2025-03-23,2025-04-08,Harian,-360361,3,Z51,ongoing
ZONA,WHLU0352189,20,2025-03-23,2025-04-22,Bulanan,-337838,3,Z51,ongoing
ZONA,WHLU0359120,20,2025-03-23,2025-04-07,Harian,0,3,Z51,ongoing
ZONA,BMOU2474612,20,2025-04-23,2025-05-22,Bulanan,0,4,Z51,ongoing
ZONA,BSIU2946381,20,2025-04-23,2025-05-22,Bulanan,0,4,Z51,ongoing
ZONA,CAIU3184330,20,2025-04-23,2025-05-22,Bulanan,0,4,Z51,ongoing
ZONA,CBHU5841917,20,2025-04-23,2025-05-22,Bulanan,0,4,Z51,ongoing
ZONA,EGSU3109943,20,2025-04-23,2025-05-22,Bulanan,0,4,Z51,ongoing
ZONA,EISU2194517,20,2025-04-23,2025-05-22,Bulanan,0,4,Z51,ongoing
ZONA,EISU2254616,20,2025-04-23,2025-05-22,Bulanan,0,4,Z51,ongoing
ZONA,EISU3944703,20,2025-04-23,2025-05-22,Bulanan,0,4,Z51,ongoing
ZONA,EMCU6063235,20,2025-04-23,2025-05-22,Bulanan,0,4,Z51,ongoing
ZONA,WFHU1240962,20,2025-04-23,2025-05-22,Bulanan,0,4,Z51,ongoing
ZONA,WHLU0215910,20,2025-04-23,2025-05-22,Bulanan,0,4,Z51,ongoing
ZONA,WHLU0268015,20,2025-04-23,2025-05-22,Bulanan,0,4,Z51,ongoing
ZONA,WHLU0300903,20,2025-04-23,2025-05-22,Bulanan,0,4,Z51,ongoing
ZONA,WHLU0319684,20,2025-04-23,2025-05-22,Bulanan,0,4,Z51,ongoing
ZONA,WHLU0321315,20,2025-04-23,2025-05-22,Bulanan,0,4,Z51,ongoing
ZONA,WHLU0352189,20,2025-04-23,2025-05-22,Bulanan,0,4,Z51,ongoing
ZONA,BMOU2474612,20,2025-05-23,2025-06-22,Bulanan,0,5,Z51,ongoing
ZONA,BSIU2946381,20,2025-05-23,2025-06-22,Bulanan,0,5,Z51,ongoing
ZONA,CAIU3184330,20,2025-05-23,2025-05-24,Harian,0,5,Z51,ongoing
ZONA,CBHU5841917,20,2025-05-23,2025-05-24,Harian,0,5,Z51,ongoing
ZONA,EGSU3109943,20,2025-05-23,2025-06-17,Harian,0,5,Z51,ongoing
ZONA,EISU2194517,20,2025-05-23,2025-06-13,Harian,0,5,Z51,ongoing
ZONA,EISU2254616,20,2025-05-23,2025-06-01,Harian,0,5,Z51,ongoing
ZONA,EISU3944703,20,2025-05-23,2025-06-14,Harian,0,5,Z51,ongoing
ZONA,EMCU6063235,20,2025-05-23,2025-06-14,Harian,0,5,Z51,ongoing
ZONA,WFHU1240962,20,2025-05-23,2025-05-25,Harian,0,5,Z51,ongoing
ZONA,WHLU0215910,20,2025-05-23,2025-06-22,Bulanan,0,5,Z51,ongoing
ZONA,WHLU0268015,20,2025-05-23,2025-06-03,Harian,0,5,Z51,ongoing
ZONA,WHLU0300903,20,2025-05-23,2025-06-21,Bulanan,0,5,Z51,ongoing
ZONA,WHLU0319684,20,2025-05-23,2025-05-25,Harian,0,5,Z51,ongoing
ZONA,WHLU0321315,20,2025-05-23,2025-06-01,Harian,0,5,Z51,ongoing
ZONA,WHLU0352189,20,2025-05-23,2025-05-31,Harian,0,5,Z51,ongoing
ZONA,BMOU2474612,20,2025-06-23,2025-07-02,Harian,0,6,Z51,ongoing
ZONA,BSIU2946381,20,2025-06-23,2025-07-17,Harian,0,6,Z51,ongoing
ZONA,WHLU0215910,20,2025-06-23,2025-07-07,Harian,0,6,Z51,ongoing
ZONA,BMOU2383868,20,2025-01-24,2025-02-23,Bulanan,0,1,Z25,ongoing
ZONA,BMOU2470200,20,2025-01-24,2025-02-23,Bulanan,0,1,Z25,ongoing
ZONA,CAIU8171172,20,2025-01-24,2025-02-23,Bulanan,0,1,Z25,ongoing
ZONA,EMCU6038844,20,2025-01-24,2025-02-23,Bulanan,0,1,Z25,ongoing
ZONA,GVCU2190099,20,2025-01-24,2025-02-23,Bulanan,0,1,Z25,ongoing
ZONA,HMCU3062032,20,2025-01-24,2025-02-23,Bulanan,0,1,Z25,ongoing
ZONA,TGHU1518584,20,2025-01-24,2025-02-23,Bulanan,0,1,Z25,ongoing
ZONA,TGHU3814501,20,2025-01-24,2025-02-23,Bulanan,0,1,Z25,ongoing
ZONA,ZONA2207201,20,2025-01-24,2025-02-23,Bulanan,0,1,Z25,ongoing
ZONA,ZONA2211855,20,2025-01-24,2025-02-23,Bulanan,0,1,Z25,ongoing
ZONA,BMOU2383868,20,2025-02-24,2025-03-23,Bulanan,0,2,Z25,ongoing
ZONA,BMOU2470200,20,2025-02-24,2025-03-23,Bulanan,0,2,Z25,ongoing
ZONA,CAIU8171172,20,2025-02-24,2025-03-23,Bulanan,0,2,Z25,ongoing
ZONA,EMCU6038844,20,2025-02-24,2025-03-23,Bulanan,0,2,Z25,ongoing
ZONA,GVCU2190099,20,2025-02-24,2025-03-23,Bulanan,0,2,Z25,ongoing
ZONA,HMCU3062032,20,2025-02-24,2025-03-23,Bulanan,0,2,Z25,ongoing
ZONA,TGHU1518584,20,2025-02-24,2025-03-23,Bulanan,0,2,Z25,ongoing
ZONA,TGHU3814501,20,2025-02-24,2025-03-23,Bulanan,0,2,Z25,ongoing
ZONA,ZONA2207201,20,2025-02-24,2025-03-23,Bulanan,0,2,Z25,ongoing
ZONA,ZONA2211855,20,2025-02-24,2025-03-23,Bulanan,0,2,Z25,ongoing
ZONA,BMOU2383868,20,2025-03-24,2025-04-07,Harian,0,3,Z25,ongoing
ZONA,BMOU2470200,20,2025-03-24,2025-04-08,Harian,-337838,3,Z25,ongoing
ZONA,CAIU8171172,20,2025-03-24,2025-04-07,Harian,0,3,Z25,ongoing
ZONA,EMCU6038844,20,2025-03-24,2025-04-23,Bulanan,-337838,3,Z25,ongoing
ZONA,GVCU2190099,20,2025-03-24,2025-04-23,Bulanan,-337838,3,Z25,ongoing
ZONA,HMCU3062032,20,2025-03-24,2025-04-08,Harian,-337838,3,Z25,ongoing
ZONA,TGHU1518584,20,2025-03-24,2025-04-23,Bulanan,-337838,3,Z25,ongoing
ZONA,TGHU3814501,20,2025-03-24,2025-04-08,Harian,-337838,3,Z25,ongoing
ZONA,ZONA2207201,20,2025-03-24,2025-04-23,Bulanan,-337838,3,Z25,ongoing
ZONA,ZONA2211855,20,2025-03-24,2025-04-07,Harian,0,3,Z25,ongoing
ZONA,EMCU6038844,20,2025-04-24,2025-05-23,Bulanan,0,4,Z25,ongoing
ZONA,GVCU2190099,20,2025-04-24,2025-05-23,Bulanan,0,4,Z25,ongoing
ZONA,TGHU1518584,20,2025-04-24,2025-05-23,Harian,0,4,Z25,ongoing
ZONA,ZONA2207201,20,2025-04-24,2025-05-20,Harian,0,4,Z25,ongoing
ZONA,EMCU6038844,20,2025-05-24,2025-06-23,Bulanan,0,5,Z25,ongoing
ZONA,GVCU2190099,20,2025-05-24,2025-06-23,Bulanan,0,5,Z25,ongoing
ZONA,TGHU1518584,20,2025-05-24,2025-05-25,Harian,0,5,Z25,ongoing
ZONA,EMCU6038844,20,2025-06-24,2025-07-21,Harian,0,6,Z25,ongoing
ZONA,GVCU2190099,20,2025-06-24,2025-07-09,Harian,0,6,Z25,ongoing
ZONA,ZONA2218192,20,2025-01-25,2025-02-24,Bulanan,0,1,Z26,ongoing
ZONA,ZONA2938308,20,2025-01-25,2025-02-24,Bulanan,0,1,Z26,ongoing
ZONA,ZONA6950241,20,2025-01-25,2025-02-24,Bulanan,0,1,Z26,ongoing
ZONA,ZONA2218192,20,2025-02-25,2025-03-24,Bulanan,0,2,Z26,ongoing
ZONA,ZONA2938308,20,2025-02-25,2025-03-24,Bulanan,0,2,Z26,ongoing
ZONA,ZONA6950241,20,2025-02-25,2025-03-24,Bulanan,0,2,Z26,ongoing
ZONA,ZONA2218192,20,2025-03-25,2025-04-24,Bulanan,-337838,3,Z26,ongoing
ZONA,ZONA2938308,20,2025-03-25,2025-04-24,Bulanan,-337838,3,Z26,ongoing
ZONA,ZONA2218192,20,2025-04-25,2025-05-23,Harian,0,4,Z26,ongoing
ZONA,ZONA2938308,20,2025-04-25,2025-05-23,Harian,0,4,Z26,ongoing
ZONA,ZONA2218192,20,2025-05-25,2025-05-25,Harian,0,5,Z26,ongoing
ZONA,ECMU1819649,20,2025-02-13,2025-03-12,Bulanan,0,1,Z24,ongoing
ZONA,OOLU1192163,20,2025-02-13,2025-03-12,Bulanan,0,1,Z24,ongoing
ZONA,OOLU1585181,20,2025-02-13,2025-03-12,Bulanan,0,1,Z24,ongoing
ZONA,ECMU1819649,20,2025-03-13,2025-04-12,Bulanan,0,2,Z24,ongoing
ZONA,OOLU1192163,20,2025-03-13,2025-04-12,Bulanan,0,2,Z24,ongoing
ZONA,OOLU1585181,20,2025-03-13,2025-04-12,Bulanan,0,2,Z24,ongoing
ZONA,ECMU1819649,20,2025-04-13,2025-05-12,Bulanan,0,3,Z24,ongoing
ZONA,OOLU1192163,20,2025-04-13,2025-05-12,Bulanan,0,3,Z24,ongoing
ZONA,OOLU1585181,20,2025-04-13,2025-05-12,Bulanan,0,3,Z24,ongoing
ZONA,ECMU1819649,20,2025-05-13,2025-06-12,Bulanan,0,4,Z24,ongoing
ZONA,OOLU1192163,20,2025-05-13,2025-06-12,Bulanan,0,4,Z24,ongoing
ZONA,OOLU1585181,20,2025-05-13,2025-06-04,Harian,0,4,Z24,ongoing
ZONA,ECMU1819649,20,2025-06-13,2025-07-09,Harian,0,5,Z24,ongoing
ZONA,OOLU1192163,20,2025-06-13,2025-06-20,Harian,0,5,Z24,ongoing
ZONA,BPLU1210002,40,2025-02-20,2025-03-19,Bulanan,0,1,Z44,ongoing
ZONA,DFSU6225950,40,2025-02-20,2025-03-19,Bulanan,0,1,Z44,ongoing
ZONA,MEDU8269787,40,2025-02-20,2025-03-19,Bulanan,0,1,Z44,ongoing
ZONA,BPLU1210002,40,2025-03-20,2025-04-19,Bulanan,-294294,2,Z44,ongoing
ZONA,DFSU6225950,40,2025-03-20,2025-04-19,Bulanan,-294294,2,Z44,ongoing
ZONA,MEDU8269787,40,2025-03-20,2025-04-19,Bulanan,-294294,2,Z44,ongoing
ZONA,BPLU1210002,40,2025-04-20,2025-05-19,Bulanan,0,3,Z44,ongoing
ZONA,DFSU6225950,40,2025-04-20,2025-05-19,Bulanan,0,3,Z44,ongoing
ZONA,MEDU8269787,40,2025-04-20,2025-05-19,Bulanan,0,3,Z44,ongoing
ZONA,BPLU1210002,40,2025-05-20,2025-06-19,Bulanan,0,4,Z44,ongoing
ZONA,DFSU6225950,40,2025-05-20,2025-06-19,Bulanan,0,4,Z44,ongoing
ZONA,MEDU8269787,40,2025-05-20,2025-06-19,Bulanan,0,4,Z44,ongoing
ZONA,BPLU1210002,40,2025-06-20,2025-07-19,Bulanan,0,5,Z44,ongoing
ZONA,DFSU6225950,40,2025-06-20,2025-07-19,Bulanan,0,5,Z44,ongoing
ZONA,MEDU8269787,40,2025-06-20,2025-07-01,Harian,0,5,Z44,ongoing
ZONA,BPLU1210002,40,2025-07-20,2025-08-19,Bulanan,0,6,Z44,ongoing
ZONA,DFSU6225950,40,2025-07-20,2025-07-25,Harian,0,6,Z44,ongoing
ZONA,BPLU1210002,40,2025-08-20,2025-09-19,Bulanan,0,7,Z44,ongoing
ZONA,BPLU1210002,40,2025-09-20,2025-09-24,Harian,0,8,Z44,ongoing
ZONA,KKFU7120388,40,2025-02-21,2025-03-20,Bulanan,0,1,Z45,ongoing
ZONA,KKFU7120388,40,2025-03-21,2025-04-20,Bulanan,-294294,2,Z45,ongoing
ZONA,KKFU7120388,40,2025-04-21,2025-05-20,Bulanan,0,3,Z45,ongoing
ZONA,KKFU7120388,40,2025-05-21,2025-06-20,Bulanan,0,4,Z45,ongoing
ZONA,KKFU7120388,40,2025-06-21,2025-07-20,Bulanan,0,5,Z45,ongoing
ZONA,KKFU7120388,40,2025-07-21,2025-07-25,Harian,0,6,Z45,ongoing
ZONA,PKEU5033970,40,2025-02-22,2025-03-21,Bulanan,0,1,Z46,ongoing
ZONA,PKEU5033970,40,2025-03-22,2025-04-21,Bulanan,-294294,2,Z46,ongoing
ZONA,PKEU5033970,40,2025-04-22,2025-05-21,Bulanan,0,3,Z46,ongoing
ZONA,PKEU5033970,40,2025-05-22,2025-06-20,Bulanan,0,4,Z46,ongoing
ZONA,GESU5508370,40,2025-02-24,2025-03-23,Bulanan,0,1,Z47,ongoing
ZONA,MSCU9903797,40,2025-02-24,2025-03-23,Bulanan,0,1,Z47,ongoing
ZONA,GESU5508370,40,2025-03-24,2025-04-23,Bulanan,-294294,2,Z47,ongoing
ZONA,MSCU9903797,40,2025-03-24,2025-04-23,Bulanan,-294294,2,Z47,ongoing
ZONA,GESU5508370,40,2025-04-24,2025-05-23,Bulanan,0,3,Z47,ongoing
ZONA,MSCU9903797,40,2025-04-24,2025-05-23,Bulanan,0,3,Z47,ongoing
ZONA,GESU5508370,40,2025-05-24,2025-06-23,Bulanan,0,4,Z47,ongoing
ZONA,MSCU9903797,40,2025-05-24,2025-06-23,Bulanan,0,4,Z47,ongoing
ZONA,GESU5508370,40,2025-06-24,2025-07-23,Bulanan,0,5,Z47,ongoing
ZONA,MSCU9903797,40,2025-06-24,2025-07-01,Harian,0,5,Z47,ongoing
ZONA,GESU5508370,40,2025-07-24,2025-08-23,Bulanan,0,6,Z47,ongoing
ZONA,GESU5508370,40,2025-08-24,2025-09-23,Bulanan,0,7,Z47,ongoing
ZONA,GESU5508370,40,2025-09-24,2025-09-24,Harian,0,8,Z47,ongoing
ZONA,INKU6744298,40,2025-05-25,2025-06-23,Bulanan,0,4,Z48,ongoing
ZONA,CAXU9096769,40,2025-03-10,2025-04-09,Bulanan,-294294,1,Z50,ongoing
ZONA,CAXU9096769,40,2025-04-10,2025-05-09,Bulanan,0,2,Z50,ongoing
ZONA,CAXU9096769,40,2025-05-10,2025-06-09,Bulanan,0,3,Z50,ongoing
ZONA,CAXU9096769,40,2025-06-10,2025-06-25,Harian,0,4,Z50,ongoing
ZONA,FORU8416289,20,2025-03-11,2025-04-10,Bulanan,-157658,1,Z30,ongoing
ZONA,FORU8480890,20,2025-03-11,2025-04-10,Bulanan,-157658,1,Z30,ongoing
ZONA,IFLU2990380,20,2025-03-11,2025-04-10,Bulanan,-157658,1,Z30,ongoing
ZONA,MSKU2218091,20,2025-03-11,2025-04-10,Bulanan,-157658,1,Z30,ongoing
ZONA,TTNU3216943,20,2025-03-11,2025-04-10,Bulanan,-157658,1,Z30,ongoing
ZONA,FORU8416289,20,2025-04-11,2025-05-10,Bulanan,0,2,Z30,ongoing
ZONA,FORU8480890,20,2025-04-11,2025-05-10,Bulanan,0,2,Z30,ongoing
ZONA,IFLU2990380,20,2025-04-11,2025-05-10,Bulanan,0,2,Z30,ongoing
ZONA,MSKU2218091,20,2025-04-11,2025-05-10,Bulanan,0,2,Z30,ongoing
ZONA,TTNU3216943,20,2025-04-11,2025-05-10,Bulanan,0,2,Z30,ongoing
ZONA,FORU8416289,20,2025-05-11,2025-06-03,Harian,0,3,Z30,ongoing
ZONA,FORU8480890,20,2025-05-11,2025-06-01,Harian,0,3,Z30,ongoing
ZONA,IFLU2990380,20,2025-05-11,2025-05-24,Harian,0,3,Z30,ongoing
ZONA,MSKU2218091,20,2025-05-11,2025-06-10,Bulanan,0,3,Z30,ongoing
ZONA,TTNU3216943,20,2025-05-11,2025-06-03,Harian,0,3,Z30,ongoing
ZONA,MSKU2218091,20,2025-06-11,2025-07-01,Harian,0,4,Z30,ongoing
ZONA,BMOU4402838,40,2025-03-13,2025-04-12,Bulanan,-294294,1,Z32,ongoing
ZONA,GLDU7503878,40,2025-03-13,2025-04-12,Bulanan,-294294,1,Z32,ongoing
ZONA,BMOU4402838,40,2025-04-13,2025-05-12,Bulanan,0,2,Z32,ongoing
ZONA,GLDU7503878,40,2025-04-13,2025-05-12,Bulanan,0,2,Z32,ongoing
ZONA,BMOU4402838,40,2025-05-13,2025-06-12,Bulanan,0,3,Z32,ongoing
ZONA,GLDU7503878,40,2025-05-13,2025-06-12,Bulanan,0,3,Z32,ongoing
ZONA,BMOU4402838,40,2025-06-13,2025-07-12,Bulanan,0,4,Z32,ongoing
ZONA,GLDU7503878,40,2025-06-13,2025-07-12,Bulanan,0,4,Z32,ongoing
ZONA,BMOU4402838,40,2025-07-13,2025-07-24,Harian,0,5,Z32,ongoing
ZONA,GLDU7503878,40,2025-07-13,2025-08-12,Bulanan,0,5,Z32,ongoing
ZONA,GLDU7503878,40,2025-08-13,2025-09-12,Bulanan,0,6,Z32,ongoing
ZONA,GLDU7503878,40,2025-09-13,2025-09-24,Harian,0,7,Z32,ongoing
ZONA,CAXU8184119,40,2025-03-14,2025-04-13,Bulanan,-294294,1,Z33,ongoing
ZONA,UESU4688707,40,2025-03-14,2025-04-13,Bulanan,-294294,1,Z33,ongoing
ZONA,CAXU8184119,40,2025-04-14,2025-05-13,Bulanan,0,2,Z33,ongoing
ZONA,UESU4688707,40,2025-04-14,2025-05-13,Bulanan,0,2,Z33,ongoing
ZONA,CAXU8184119,40,2025-05-14,2025-06-13,Bulanan,0,3,Z33,ongoing
ZONA,UESU4688707,40,2025-05-14,2025-06-13,Bulanan,0,3,Z33,ongoing
ZONA,CAXU8184119,40,2025-06-14,2025-07-13,Bulanan,0,4,Z33,ongoing
ZONA,UESU4688707,40,2025-06-14,2025-07-13,Bulanan,0,4,Z33,ongoing
ZONA,CAXU8184119,40,2025-07-14,2025-07-23,Harian,0,5,Z33,ongoing
ZONA,UESU4688707,40,2025-07-14,2025-08-13,Bulanan,0,5,Z33,ongoing
ZONA,UESU4688707,40,2025-08-14,2025-09-13,Bulanan,0,6,Z33,ongoing
ZONA,UESU4688707,40,2025-09-14,2025-09-24,Harian,0,7,Z33,ongoing
ZONA,MEDU8384327,40,2025-03-16,2025-04-15,Bulanan,-294294,1,Z34,ongoing
ZONA,TGHU6130478,40,2025-03-16,2025-04-15,Bulanan,-294294,1,Z34,ongoing
ZONA,MEDU8384327,40,2025-04-16,2025-05-15,Bulanan,0,2,Z34,ongoing
ZONA,TGHU6130478,40,2025-04-16,2025-05-15,Bulanan,0,2,Z34,ongoing
ZONA,MEDU8384327,40,2025-05-16,2025-06-15,Bulanan,0,3,Z34,ongoing
ZONA,TGHU6130478,40,2025-05-16,2025-06-15,Bulanan,0,3,Z34,ongoing
ZONA,MEDU8384327,40,2025-06-16,2025-07-15,Bulanan,0,4,Z34,ongoing
ZONA,TGHU6130478,40,2025-06-16,2025-07-15,Bulanan,0,4,Z34,ongoing
ZONA,MEDU8384327,40,2025-07-16,2025-07-23,Harian,0,5,Z34,ongoing
ZONA,TGHU6130478,40,2025-07-16,2025-08-15,Bulanan,0,5,Z34,ongoing
ZONA,TGHU6130478,40,2025-08-16,2025-09-15,Bulanan,0,6,Z34,ongoing
ZONA,TGHU6130478,40,2025-09-16,2025-09-24,Harian,0,7,Z34,ongoing
ZONA,MEDU8246035,40,2025-03-18,2025-04-17,Bulanan,-294294,1,Z35,ongoing
ZONA,MEDU8246035,40,2025-04-18,2025-05-17,Bulanan,0,2,Z35,ongoing
ZONA,MEDU8246035,40,2025-05-18,2025-06-17,Bulanan,0,3,Z35,ongoing
ZONA,MEDU8246035,40,2025-06-18,2025-06-24,Harian,0,4,Z35,ongoing
ZONA,CCLU3996437,20,2025-03-19,2025-04-18,Bulanan,-157658,1,Z36,ongoing
ZONA,TEMU2815815,20,2025-03-19,2025-04-18,Bulanan,-157658,1,Z36,ongoing
ZONA,TGHU1845843,20,2025-03-19,2025-04-18,Bulanan,-157658,1,Z36,ongoing
ZONA,CCLU3996437,20,2025-04-19,2025-05-18,Bulanan,0,2,Z36,ongoing
ZONA,TEMU2815815,20,2025-04-19,2025-05-18,Bulanan,0,2,Z36,ongoing
ZONA,TGHU1845843,20,2025-04-19,2025-05-18,Bulanan,0,2,Z36,ongoing
ZONA,CCLU3996437,20,2025-05-19,2025-06-04,Harian,0,3,Z36,ongoing
ZONA,TEMU2815815,20,2025-05-19,2025-06-01,Harian,22523,3,Z36,ongoing
ZONA,TGHU1845843,20,2025-05-19,2025-06-07,Harian,0,3,Z36,ongoing
